-- phpMyAdmin SQL Dump
-- version 5.2.1
-- https://www.phpmyadmin.net/
--
-- Servidor: 127.0.0.1
-- Tiempo de generación: 25-11-2024 a las 03:53:54
-- Versión del servidor: 10.4.32-MariaDB
-- Versión de PHP: 8.2.12

SET SQL_MODE = "NO_AUTO_VALUE_ON_ZERO";
START TRANSACTION;
SET time_zone = "+00:00";


/*!40101 SET @OLD_CHARACTER_SET_CLIENT = @@CHARACTER_SET_CLIENT */;
/*!40101 SET @OLD_CHARACTER_SET_RESULTS = @@CHARACTER_SET_RESULTS */;
/*!40101 SET @OLD_COLLATION_CONNECTION = @@COLLATION_CONNECTION */;
/*!40101 SET NAMES utf8mb4 */;

--
-- Base de datos: `people_3`
--

-- --------------------------------------------------------

--
-- Estructura de tabla para la tabla `auth_group`
--

CREATE TABLE `auth_group`
(
    `id`   int(11)      NOT NULL,
    `name` varchar(150) NOT NULL
) ENGINE = InnoDB
  DEFAULT CHARSET = utf8mb4
  COLLATE = utf8mb4_general_ci;

-- --------------------------------------------------------

--
-- Estructura de tabla para la tabla `auth_group_permissions`
--

CREATE TABLE `auth_group_permissions`
(
    `id`            bigint(20) NOT NULL,
    `group_id`      int(11)    NOT NULL,
    `permission_id` int(11)    NOT NULL
) ENGINE = InnoDB
  DEFAULT CHARSET = utf8mb4
  COLLATE = utf8mb4_general_ci;

-- --------------------------------------------------------

--
-- Estructura de tabla para la tabla `auth_permission`
--

CREATE TABLE `auth_permission`
(
    `id`              int(11)      NOT NULL,
    `name`            varchar(255) NOT NULL,
    `content_type_id` int(11)      NOT NULL,
    `codename`        varchar(100) NOT NULL
) ENGINE = InnoDB
  DEFAULT CHARSET = utf8mb4
  COLLATE = utf8mb4_general_ci;

--
-- Volcado de datos para la tabla `auth_permission`
--

INSERT INTO `auth_permission` (`id`, `name`, `content_type_id`, `codename`)
VALUES (1, 'Can add log entry', 1, 'add_logentry'),
       (2, 'Can change log entry', 1, 'change_logentry'),
       (3, 'Can delete log entry', 1, 'delete_logentry'),
       (4, 'Can view log entry', 1, 'view_logentry'),
       (5, 'Can add permission', 2, 'add_permission'),
       (6, 'Can change permission', 2, 'change_permission'),
       (7, 'Can delete permission', 2, 'delete_permission'),
       (8, 'Can view permission', 2, 'view_permission'),
       (9, 'Can add group', 3, 'add_group'),
       (10, 'Can change group', 3, 'change_group'),
       (11, 'Can delete group', 3, 'delete_group'),
       (12, 'Can view group', 3, 'view_group'),
       (13, 'Can add user', 4, 'add_user'),
       (14, 'Can change user', 4, 'change_user'),
       (15, 'Can delete user', 4, 'delete_user'),
       (16, 'Can view user', 4, 'view_user'),
       (17, 'Can add content type', 5, 'add_contenttype'),
       (18, 'Can change content type', 5, 'change_contenttype'),
       (19, 'Can delete content type', 5, 'delete_contenttype'),
       (20, 'Can view content type', 5, 'view_contenttype'),
       (21, 'Can add session', 6, 'add_session'),
       (22, 'Can change session', 6, 'change_session'),
       (23, 'Can delete session', 6, 'delete_session'),
       (24, 'Can view session', 6, 'view_session');

-- --------------------------------------------------------

--
-- Estructura de tabla para la tabla `auth_user`
--

CREATE TABLE `auth_user`
(
    `id`           int(11)      NOT NULL,
    `password`     varchar(128) NOT NULL,
    `last_login`   datetime(6) DEFAULT NULL,
    `is_superuser` tinyint(1)   NOT NULL,
    `username`     varchar(150) NOT NULL,
    `first_name`   varchar(150) NOT NULL,
    `last_name`    varchar(150) NOT NULL,
    `email`        varchar(254) NOT NULL,
    `is_staff`     tinyint(1)   NOT NULL,
    `is_active`    tinyint(1)   NOT NULL,
    `date_joined`  datetime(6)  NOT NULL
) ENGINE = InnoDB
  DEFAULT CHARSET = utf8mb4
  COLLATE = utf8mb4_general_ci;

-- --------------------------------------------------------

--
-- Estructura de tabla para la tabla `auth_user_groups`
--

CREATE TABLE `auth_user_groups`
(
    `id`       bigint(20) NOT NULL,
    `user_id`  int(11)    NOT NULL,
    `group_id` int(11)    NOT NULL
) ENGINE = InnoDB
  DEFAULT CHARSET = utf8mb4
  COLLATE = utf8mb4_general_ci;

-- --------------------------------------------------------

--
-- Estructura de tabla para la tabla `auth_user_user_permissions`
--

CREATE TABLE `auth_user_user_permissions`
(
    `id`            bigint(20) NOT NULL,
    `user_id`       int(11)    NOT NULL,
    `permission_id` int(11)    NOT NULL
) ENGINE = InnoDB
  DEFAULT CHARSET = utf8mb4
  COLLATE = utf8mb4_general_ci;

-- --------------------------------------------------------

--
-- Estructura de tabla para la tabla `django_admin_log`
--

CREATE TABLE `django_admin_log`
(
    `id`              int(11)              NOT NULL,
    `action_time`     datetime(6)          NOT NULL,
    `object_id`       longtext DEFAULT NULL,
    `object_repr`     varchar(200)         NOT NULL,
    `action_flag`     smallint(5) UNSIGNED NOT NULL CHECK (`action_flag` >= 0),
    `change_message`  longtext             NOT NULL,
    `content_type_id` int(11)  DEFAULT NULL,
    `user_id`         int(11)              NOT NULL
) ENGINE = InnoDB
  DEFAULT CHARSET = utf8mb4
  COLLATE = utf8mb4_general_ci;

-- --------------------------------------------------------

--
-- Estructura de tabla para la tabla `django_content_type`
--

CREATE TABLE `django_content_type`
(
    `id`        int(11)      NOT NULL,
    `app_label` varchar(100) NOT NULL,
    `model`     varchar(100) NOT NULL
) ENGINE = InnoDB
  DEFAULT CHARSET = utf8mb4
  COLLATE = utf8mb4_general_ci;

--
-- Volcado de datos para la tabla `django_content_type`
--

INSERT INTO `django_content_type` (`id`, `app_label`, `model`)
VALUES (1, 'admin', 'logentry'),
       (3, 'auth', 'group'),
       (2, 'auth', 'permission'),
       (4, 'auth', 'user'),
       (5, 'contenttypes', 'contenttype'),
       (6, 'sessions', 'session');

-- --------------------------------------------------------

--
-- Estructura de tabla para la tabla `django_migrations`
--

CREATE TABLE `django_migrations`
(
    `id`      bigint(20)   NOT NULL,
    `app`     varchar(255) NOT NULL,
    `name`    varchar(255) NOT NULL,
    `applied` datetime(6)  NOT NULL
) ENGINE = InnoDB
  DEFAULT CHARSET = utf8mb4
  COLLATE = utf8mb4_general_ci;

--
-- Volcado de datos para la tabla `django_migrations`
--

INSERT INTO `django_migrations` (`id`, `app`, `name`, `applied`)
VALUES (1, 'contenttypes', '0001_initial', '2024-11-22 01:44:30.587388'),
       (2, 'auth', '0001_initial', '2024-11-22 01:44:31.313357'),
       (3, 'admin', '0001_initial', '2024-11-22 01:44:31.485676'),
       (4, 'admin', '0002_logentry_remove_auto_add', '2024-11-22 01:44:31.503714'),
       (5, 'admin', '0003_logentry_add_action_flag_choices', '2024-11-22 01:44:31.510720'),
       (6, 'contenttypes', '0002_remove_content_type_name', '2024-11-22 01:44:31.612820'),
       (7, 'auth', '0002_alter_permission_name_max_length', '2024-11-22 01:44:31.682999'),
       (8, 'auth', '0003_alter_user_email_max_length', '2024-11-22 01:44:31.697509'),
       (9, 'auth', '0004_alter_user_username_opts', '2024-11-22 01:44:31.713536'),
       (10, 'auth', '0005_alter_user_last_login_null', '2024-11-22 01:44:31.782812'),
       (11, 'auth', '0006_require_contenttypes_0002', '2024-11-22 01:44:31.787813'),
       (12, 'auth', '0007_alter_validators_add_error_messages', '2024-11-22 01:44:31.794860'),
       (13, 'auth', '0008_alter_user_username_max_length', '2024-11-22 01:44:31.807913'),
       (14, 'auth', '0009_alter_user_last_name_max_length', '2024-11-22 01:44:31.830575'),
       (15, 'auth', '0010_alter_group_name_max_length', '2024-11-22 01:44:31.854678'),
       (16, 'auth', '0011_update_proxy_permissions', '2024-11-22 01:44:31.865193'),
       (17, 'auth', '0012_alter_user_first_name_max_length', '2024-11-22 01:44:31.879239'),
       (18, 'sessions', '0001_initial', '2024-11-22 01:44:31.939383');

-- --------------------------------------------------------

--
-- Estructura de tabla para la tabla `django_session`
--

CREATE TABLE `django_session`
(
    `session_key`  varchar(40) NOT NULL,
    `session_data` longtext    NOT NULL,
    `expire_date`  datetime(6) NOT NULL
) ENGINE = InnoDB
  DEFAULT CHARSET = utf8mb4
  COLLATE = utf8mb4_general_ci;

-- --------------------------------------------------------

--
-- Estructura de tabla para la tabla `myapp_count`
--

CREATE TABLE `myapp_count`
(
    `id`        char(36)  NOT NULL,
    `device_id` varchar(255)       DEFAULT NULL,
    `quantity`  int(11)   NOT NULL,
    `camera_id` varchar(255)       DEFAULT NULL,
    `date`      timestamp NOT NULL DEFAULT current_timestamp() ON UPDATE current_timestamp()
) ENGINE = InnoDB
  DEFAULT CHARSET = utf8mb4
  COLLATE = utf8mb4_general_ci;

--
-- Volcado de datos para la tabla `myapp_count`
--

INSERT INTO `myapp_count` (`id`, `device_id`, `quantity`, `camera_id`, `date`)
VALUES ('006ab089-c0f0-49b3-b025-da48a6572d00', '562408000007', 1, 'CH2', '2024-11-13 19:44:21'),
       ('007e376c-c92c-4661-a8f6-9c480d509079', '562408000003', 1, 'CH2', '2024-11-18 23:42:12'),
       ('0087f95f-cb25-4d4b-997f-599974be53ee', '562408000003', 1, 'CH2', '2024-11-20 22:19:34'),
       ('00938b1d-d7b5-4622-ba62-a1d49bb7ca2a', '562408000003', 10, 'CH2', '2024-11-20 18:14:29'),
       ('009a1fc4-8a8f-4e9a-9ee2-2731b0b03af9', '562408000003', 1, 'CH2', '2024-11-20 23:27:02'),
       ('0111a123-9bb6-466f-91a1-4e24a2cbc906', '562408000003', 1, 'CH2', '2024-11-21 08:14:49'),
       ('016f18a6-5859-4195-a0b7-3c0e6a4f2bf6', '562408000007', 1, 'CH2', '2024-11-12 00:02:38'),
       ('019630ca-8305-4cda-8a50-0144d74f8d4c', '562408000007', 1, 'CH2', '2024-11-13 20:39:11'),
       ('01e64fbd-adbe-4416-907c-7f2d5964f1f7', '562408000007', 1, 'CH2', '2024-11-13 18:58:22'),
       ('01f08983-3588-4310-959d-c26748306cfb', '562408000003', 4, 'CH2', '2024-11-20 19:09:54'),
       ('02082882-74c6-45a9-a0bd-09c3404adf08', '562408000003', 1, 'CH2', '2024-11-19 03:11:32'),
       ('024b775c-610e-4006-b610-8c447b1cc745', '562408000003', 1, 'CH2', '2024-11-21 00:31:47'),
       ('03d79e09-84cd-4981-a160-51063703cfb4', '562408000003', 2, 'CH2', '2024-11-20 21:49:34'),
       ('03d952af-27f6-4a5f-8fcd-fe95e184de94', '562408000003', 3, 'CH2', '2024-11-20 23:23:48'),
       ('040a664e-a0d9-48be-9933-e99faddf6647', '562408000003', 4, 'CH2', '2024-11-20 18:53:20'),
       ('04365693-bd08-48ad-8fb7-2d4222ac3df7', '562408000007', 4, 'CH2', '2024-11-13 20:09:26'),
       ('044fe4ce-8354-4809-a970-be5b05591238', '562408000007', 1, 'CH2', '2024-11-13 20:22:04'),
       ('04ae3526-5d18-4d57-b7fc-b2e7a497e463', '562408000003', 10, 'CH2', '2024-11-20 18:35:07'),
       ('058c1d38-26b0-43fd-a316-891744316ffd', '562408000003', 1, 'CH2', '2024-11-18 22:40:12'),
       ('05c2145e-c1b1-494c-a47b-526685eb9e65', '562408000007', 2, 'CH2', '2024-11-13 19:20:26'),
       ('05e4f6fd-5880-4bb9-b319-dd245acd8e19', '562408000003', 1, 'CH2', '2024-11-20 22:38:28'),
       ('05e85467-e28e-4d93-ba17-84172a091fe5', '562408000007', 1, 'CH2', '2024-11-13 19:36:26'),
       ('05f55751-2ed5-44ce-98c1-75d056f1cec5', '562408000003', 2, 'CH2', '2024-11-20 17:58:05'),
       ('068c0059-bac6-407b-a233-82fe6b0cf77f', '562408000007', 1, 'CH2', '2024-11-13 19:19:26'),
       ('06dea074-f239-4057-b58a-68f836ab1956', '562408000007', 3, 'CH2', '2024-11-13 19:30:32'),
       ('06e20984-8efe-4108-9c05-6c89861880f1', '562408000007', 2, 'CH2', '2024-11-13 19:57:01'),
       ('06e511c5-ae6e-4255-9e2c-0df3c0b0d1e6', '562408000003', 6, 'CH2', '2024-11-20 18:17:02'),
       ('06f7e9d8-27af-4b4d-a0ae-2f9339e7b7d7', '562408000007', 2, 'CH2', '2024-11-13 21:23:49'),
       ('0713ba84-8bb9-46b5-b4dd-1bc496a49893', '562408000003', 1, 'CH2', '2024-11-20 23:10:32'),
       ('07307254-0e83-4928-a30e-0b03d6070279', '562408000003', 1, 'CH2', '2024-11-20 21:53:50'),
       ('078ffa1d-c3ca-4a1d-a3c6-71d5e3dca43f', '562408000003', 5, 'CH2', '2024-11-20 18:23:17'),
       ('086d922c-143f-4eeb-a694-0e65b7cdd80d', '562408000003', 1, 'CH2', '2024-11-19 01:34:56'),
       ('08ebf5e1-bd00-4761-b54f-08ca67efc908', '562408000007', 2, 'CH2', '2024-11-13 20:46:18'),
       ('0903ddc5-8612-4ae7-a159-f5f35b2a4d8a', '562408000007', 2, 'CH2', '2024-11-12 01:22:22'),
       ('0936cdb2-aaa1-4ff6-a6f9-ba19e32fa646', '562408000003', 3, 'CH2', '2024-11-20 19:08:54'),
       ('094daa90-f0ea-4653-980c-9b0db60126f5', '562408000003', 4, 'CH2', '2024-11-18 23:13:29'),
       ('0983f99d-e793-4f68-af92-ad83553d971a', '562408000003', 1, 'CH2', '2024-11-21 09:05:26'),
       ('099c08bd-684e-4a8a-9e62-4ff38c9c2bd7', '562408000007', 1, 'CH2', '2024-11-13 19:58:47'),
       ('0a5eee66-a47b-4654-b798-418f9312dd14', '562408000003', 1, 'CH1', '2024-11-23 00:59:39'),
       ('0adff83b-e955-4799-ba93-ab532b401422', '562408000003', 1, 'CH1', '2024-11-23 01:26:37'),
       ('0aeb8982-29d7-4e70-980a-87d35cfb5002', '562408000003', 2, 'CH2', '2024-11-21 08:06:56'),
       ('0b0ad94e-ef5c-4a1b-b579-42b97061db31', '562408000007', 1, 'CH2', '2024-11-15 02:22:15'),
       ('0b83cfab-c988-4165-9726-d7fe5766e7a1', '562408000003', 2, 'CH2', '2024-11-18 22:56:26'),
       ('0b93648f-895e-4296-8317-744eea706ddc', '562408000003', 2, 'CH2', '2024-11-19 01:15:55'),
       ('0b98217a-30fe-4045-a260-2a11d2250539', '562408000003', 2, 'CH2', '2024-11-20 23:41:48'),
       ('0c206912-3858-4e47-82fb-25250db5e1f9', '562408000003', 1, 'CH2', '2024-11-19 01:05:15'),
       ('0c38ced9-9627-45b9-b450-e96a59e44569', '562408000003', 1, 'CH2', '2024-11-21 02:11:59'),
       ('0c3f4e2c-9e14-4a9d-a8e7-5a7c87da40e1', '562408000007', 1, 'CH2', '2024-11-13 19:09:13'),
       ('0c81d98e-6527-41e9-a983-595b514b0278', '562408000003', 1, 'CH2', '2024-11-21 00:09:47'),
       ('0d966940-51c6-4567-b974-a4b3e6a7e35d', '562408000007', 1, 'CH2', '2024-11-12 00:22:30'),
       ('0d9e9c72-5aaf-433c-8031-33c4017bf76d', '562408000007', 2, 'CH2', '2024-11-12 00:40:12'),
       ('0db03538-162c-4bf2-9441-411cf02d19fc', '562408000003', 4, 'CH2', '2024-11-20 22:51:07'),
       ('0e5b5f9d-2cb5-48d3-8fc7-e860fd34d212', '562408000003', 1, 'CH2', '2024-11-21 00:38:14'),
       ('0ebbf1a8-cd30-4286-bbcb-a340c7b0ee54', '562408000003', 1, 'CH1', '2024-11-23 01:58:14'),
       ('0f480ec1-6c14-4767-9cba-fbd7cbfacd4d', '562408000003', 1, 'CH2', '2024-11-18 23:40:42'),
       ('0f5675f0-f573-4363-afbe-30f39c1560a4', '562408000003', 1, 'CH2', '2024-11-20 18:06:59'),
       ('0fd4ac88-2b03-4e77-b704-184840e3f582', '562408000007', 1, 'CH2', '2024-11-12 00:36:44'),
       ('0ff0cc2a-ad84-4df6-b6c6-2a6121725403', '562408000003', 1, 'CH2', '2024-11-19 01:35:26'),
       ('10bbae58-b0c9-4414-a02f-3207cd782dd0', '562408000003', 4, 'CH2', '2024-11-18 22:55:26'),
       ('10d0daba-f7f3-4349-aaf1-a64011338438', '562408000007', 1, 'CH2', '2024-11-13 19:03:27'),
       ('10d672a3-098e-4c73-a05a-df0c1d1e6057', '562408000003', 1, 'CH2', '2024-11-20 19:39:14'),
       ('10e17013-21be-414b-a9e8-9a9773c0f7a4', '562408000007', 2, 'CH2', '2024-11-13 20:21:34'),
       ('10ffa4f8-a802-40d9-85b0-0778b490b2a8', '562408000003', 7, 'CH2', '2024-11-18 23:22:23'),
       ('1124b3a7-0016-4b3d-ae95-cb5202711e40', '562408000007', 1, 'CH2', '2024-11-13 19:28:32'),
       ('112643b4-c3be-4786-8e69-7ebcd1cc14ac', '562408000003', 2, 'CH2', '2024-11-20 18:20:46'),
       ('11b2ef92-2f4f-42ff-8b5a-16e7d61af346', '562408000003', 1, 'CH2', '2024-11-20 22:24:27'),
       ('11eefca3-81f1-41d3-8cc0-db70c036661f', '562408000003', 1, 'CH2', '2024-11-20 18:24:52'),
       ('122a3e09-f9a2-4023-9293-659175aadc1f', '562408000007', 2, 'CH2', '2024-11-12 00:19:11'),
       ('123274b3-0c25-441b-b8a1-69fd088f6cf8', '562408000003', 2, 'CH2', '2024-11-20 19:24:20'),
       ('12338df0-c6f3-4bc3-97ee-edcc39bb2649', '562408000007', 2, 'CH2', '2024-11-13 19:29:02'),
       ('128c877a-9845-45fd-81b0-a2d5b822b2b0', '562408000007', 1, 'CH2', '2024-11-11 23:52:17'),
       ('130520e1-5c05-45d0-b717-0d2d83cca815', '562408000003', 1, 'CH2', '2024-11-21 08:49:28'),
       ('131a0c27-657f-4144-8e4f-20d524acc5e2', '562408000007', 1, 'CH2', '2024-11-13 19:59:18'),
       ('131df2c3-a483-4f98-bfeb-6eabe0eaa9ec', '562408000003', 2, 'CH2', '2024-11-20 18:04:59'),
       ('13617342-b313-47f0-a41a-196cf7961716', '562408000007', 2, 'CH2', '2024-11-13 20:29:52'),
       ('13697d1e-3019-4613-bbc8-4bae18f7ef3b', '562408000003', 4, 'CH2', '2024-11-20 22:05:28'),
       ('13b3d7dc-acfc-401b-bae8-053421afcd5f', '562408000003', 1, 'CH2', '2024-11-20 23:28:02'),
       ('13b85e37-35bc-41ba-b4ed-6e5f890de7cc', '562408000003', 3, 'CH2', '2024-11-20 23:17:35'),
       ('13d8d63d-39dd-470e-8046-77364181a5fc', '562408000003', 3, 'CH2', '2024-11-20 19:21:44'),
       ('14190abe-1924-4fb3-bb15-241f01c75580', '562408000003', 1, 'CH2', '2024-11-21 00:37:44'),
       ('141d3f4f-2764-4eb9-8b0a-b16f59cc172a', '562408000003', 1, 'CH2', '2024-11-20 18:54:39'),
       ('142380a9-ccaa-4b76-badf-f9510d498b0f', '562408000003', 3, 'CH2', '2024-11-20 19:17:45'),
       ('1425e313-535f-4bc8-aedd-69e18e0687a9', '562408000003', 1, 'CH2', '2024-11-21 09:06:26'),
       ('14363ce2-b5b5-47c2-abe5-05c8de2c0298', '562408000003', 6, 'CH2', '2024-11-18 23:23:53'),
       ('155a1d6e-0319-4d06-af4d-b3233acd3580', '562408000003', 1, 'CH2', '2024-11-19 03:00:43'),
       ('158f9c55-5796-42bf-a8cf-4e588d194f33', '562408000007', 1, 'CH2', '2024-11-12 01:21:52'),
       ('15b77031-cd14-4f45-b202-6dd5c4d385fb', '562408000003', 1, 'CH2', '2024-11-21 09:03:08'),
       ('162f746e-3c3a-47b8-8f61-0d95f2b840f3', '562408000007', 1, 'CH2', '2024-11-13 19:41:17'),
       ('17485f47-528e-4dea-a087-218befab4fd0', '562408000007', 1, 'CH2', '2024-11-13 19:34:19'),
       ('17502cb3-8984-4037-90ff-fa06ad5131d7', '562408000003', 1, 'CH2', '2024-11-20 23:02:51'),
       ('17b5c82e-988a-44d4-8bc5-44d1d8b0b5ad', '562408000003', 1, 'CH2', '2024-11-19 00:56:09'),
       ('18d89dd5-0db6-4d75-8c2a-0829b6baab44', '562408000003', 1, 'CH2', '2024-11-21 00:26:48'),
       ('1919792b-f973-4980-8b5a-0d9b841bbaf6', '562408000003', 1, 'CH2', '2024-11-20 18:42:07'),
       ('19308590-04b2-42fe-94e0-7e7456bf061d', '562408000007', 1, 'CH2', '2024-11-12 00:44:29'),
       ('1989594d-eb52-4a79-9465-510e65b96057', '562408000003', 2, 'CH2', '2024-11-20 22:50:07'),
       ('1a108a25-256f-4bf9-9e03-e27db9e131c9', '562408000003', 1, 'CH2', '2024-11-21 00:30:47'),
       ('1a21ce39-edb1-478f-95c9-d4777519997f', '562408000007', 4, 'CH2', '2024-11-13 20:38:10'),
       ('1afe6f36-38ab-4be7-b5cc-9a143471106f', '562408000007', 1, 'CH2', '2024-11-12 03:51:50'),
       ('1b1098bf-c000-491c-9d87-1d93db734c45', '562408000003', 1, 'CH2', '2024-11-21 07:50:09'),
       ('1ba7729b-eab5-4f41-b095-f5f1c19cf307', '562408000007', 1, 'CH2', '2024-11-13 18:57:52'),
       ('1c2be741-428f-4e50-ae4c-35ac53960a2c', '562408000003', 1, 'CH2', '2024-11-20 18:15:29'),
       ('1c5aa402-d4bd-4f8b-9dcb-34801e8cc930', '562408000007', 1, 'CH2', '2024-11-12 00:11:05'),
       ('1c7c1833-2b90-4fec-b992-fad9eef159af', '562408000003', 1, 'CH2', '2024-11-20 18:58:20'),
       ('1ca582a2-c2de-4983-a7eb-ac1a30407fc1', '562408000003', 3, 'CH2', '2024-11-20 23:12:02'),
       ('1cf33406-e296-4c8b-9625-49e9b50357fb', '562408000007', 2, 'CH2', '2024-11-13 20:15:30'),
       ('1d518feb-2317-435e-a679-59ef2941906c', '562408000007', 2, 'CH2', '2024-11-12 00:38:10'),
       ('1d537a40-4f0e-46a5-90c0-e5bc7a625ef2', '562408000003', 1, 'CH2', '2024-11-20 22:59:00'),
       ('1e970a09-863b-4a2d-aa17-798b5f1e58fe', '562408000003', 1, 'CH2', '2024-11-18 23:42:42'),
       ('1ea54295-6af8-4711-bbf1-84641657feaa', '562408000003', 1, 'CH2', '2024-11-19 02:46:24'),
       ('1eadb161-e2c9-4e48-855e-0cbdf3fe8627', '562408000003', 4, 'CH2', '2024-11-20 18:41:37'),
       ('1f1faaeb-36ab-4a63-8443-9b9420c523d8', '562408000003', 3, 'CH2', '2024-11-20 21:43:48'),
       ('1fdd1080-3eaf-4aa6-963b-fedffbe97dcb', '562408000003', 1, 'CH2', '2024-11-19 01:31:54'),
       ('1fddf45d-cc77-4864-aaf2-8e02c6ffdf8c', '562408000007', 1, 'CH2', '2024-11-12 00:31:07'),
       ('201b1dee-4e06-405e-8a94-6ce4b10bd005', '562408000003', 1, 'CH2', '2024-11-20 19:27:02'),
       ('20340b23-f39a-4742-b350-a8cb26f4e3ec', '562408000003', 1, 'CH2', '2024-11-21 01:20:47'),
       ('205d96a7-0566-4207-8561-740824491ce5', '562408000003', 1, 'CH2', '2024-11-20 21:48:34'),
       ('207ede01-ce7c-426c-8328-511a362ccf59', '562408000003', 3, 'CH2', '2024-11-20 22:10:22'),
       ('2083595c-3b5a-4ada-89d1-d90ea10b9173', '562408000003', 2, 'CH2', '2024-11-20 21:59:45'),
       ('20e9d011-4ac0-4c3b-b7ed-2bc5708e0e09', '562408000003', 1, 'CH2', '2024-11-18 22:46:13'),
       ('20ea6661-bdbb-45c9-9e7a-d9381a64a22f', '562408000007', 1, 'CH2', '2024-11-13 20:23:06'),
       ('20f565b3-9c4b-4c8e-9124-311a6613ae09', '562408000003', 1, 'CH1', '2024-11-23 01:57:44'),
       ('210a11d8-7ccc-44f5-ad2c-7826680bdc8f', '562408000003', 1, 'CH2', '2024-11-19 01:13:11'),
       ('21a721fc-2075-4841-9c3d-36cb24717039', '562408000003', 1, 'CH2', '2024-11-20 18:42:37'),
       ('21c2a16a-8d4a-4126-8c75-692ef243f618', '562408000007', 1, 'CH2', '2024-11-13 20:24:59'),
       ('22074c33-342f-4829-a95b-cc896ce994c2', '562408000003', 2, 'CH2', '2024-11-21 00:03:00'),
       ('22086853-365a-4e19-82fd-9ec0db458796', '562408000003', 1, 'CH2', '2024-11-21 00:27:18'),
       ('220c21a2-7591-4971-860b-f9c4f840ee92', '562408000007', 1, 'CH2', '2024-11-13 20:47:18'),
       ('2283320f-2f5b-4bfc-98c4-61de36e6e78a', '562408000003', 4, 'CH2', '2024-11-20 23:15:26'),
       ('2287bf24-5a62-4594-98c0-70c8f28187d4', '562408000007', 2, 'CH2', '2024-11-11 23:49:53'),
       ('22e0afd6-53c9-44d9-b7da-7ca4b66b11e4', '562408000003', 3, 'CH2', '2024-11-18 23:01:24'),
       ('236e15e3-7de5-4e48-abc0-f275ce2b041b', '562408000007', 1, 'CH2', '2024-11-13 21:21:07'),
       ('23d8b24b-c444-4701-aeb7-42e816c672e3', '562408000007', 1, 'CH2', '2024-11-12 00:43:59'),
       ('2410bdfb-9fb5-41d6-8eb8-5e2470102ca2', '562408000003', 3, 'CH1', '2024-11-23 02:01:22'),
       ('241c78ee-08d5-44b9-966a-fb40fe3fd230', '562408000003', 5, 'CH2', '2024-11-18 23:34:24'),
       ('24a95e4c-9de6-453f-82d7-da84fdffe8b6', '562408000003', 4, 'CH2', '2024-11-20 23:25:51'),
       ('263ddc47-7975-4cf1-8692-09dad545fd56', '562408000003', 1, 'CH2', '2024-11-19 01:28:18'),
       ('2669ba70-da0d-45f6-beec-e15d8320849f', '562408000003', 1, 'CH2', '2024-11-19 01:07:32'),
       ('26ed615d-20cd-4b4a-a93f-51484e63a365', '562408000003', 2, 'CH2', '2024-11-20 23:24:51'),
       ('26fd14ef-7169-4620-87b8-5e639a2f5885', '562408000003', 1, 'CH2', '2024-11-21 00:22:01'),
       ('2716216f-bbd0-4fe2-a9fc-6b55d6865992', '562408000007', 1, 'CH2', '2024-11-12 00:04:11'),
       ('28127aa6-7080-4f52-b596-0b478ee688f7', '562408000003', 1, 'CH2', '2024-11-20 19:14:24'),
       ('28306a80-8af6-497c-a0df-b766721e9f26', '562408000003', 2, 'CH2', '2024-11-18 22:44:22'),
       ('285b193a-8b7c-45f6-8f9c-2666e13caa13', '562408000007', 2, 'CH2', '2024-11-13 20:17:26'),
       ('285f2bd7-9cdc-417a-b7f5-fde8a1a51988', '562408000007', 4, 'CH2', '2024-11-13 19:25:02'),
       ('286f437b-6876-4ad8-805c-63289becbad9', '562408000007', 4, 'CH2', '2024-11-13 19:09:43'),
       ('289d38fc-5048-490f-9c38-6a1243531955', '562408000007', 2, 'CH2', '2024-11-13 21:18:36'),
       ('289e338d-0272-4a07-8064-bb93e8245c81', '562408000003', 3, 'CH2', '2024-11-18 23:14:59'),
       ('28a3109d-8c10-449f-9b3c-2257a0bd4ee6', '562408000003', 1, 'CH2', '2024-11-20 19:05:50'),
       ('28ae2c0e-674e-45b8-b22f-6ad93f4ea68f', '562408000007', 1, 'CH2', '2024-11-13 20:08:26'),
       ('28b532ce-371a-411c-9d06-caa656271caf', '562408000003', 5, 'CH2', '2024-11-20 18:22:16'),
       ('28c5ed39-c34b-4e89-8d4f-00d2ef721f82', '562408000003', 1, 'CH2', '2024-11-20 19:11:14'),
       ('29450079-a712-4119-a37e-552b56aed494', '562408000007', 1, 'CH2', '2024-11-13 20:06:18'),
       ('29563e93-025c-44c4-88ec-047a08171bbb', '562408000003', 3, 'CH2', '2024-11-20 23:34:24'),
       ('29584f86-2795-44ab-87b0-e39d9fffdb64', '562408000003', 1, 'CH2', '2024-11-20 18:11:29'),
       ('29bc0cea-e74b-4f7d-8c30-ce6538d7cd84', '562408000007', 1, 'CH2', '2024-11-13 19:16:40'),
       ('29d87eaa-0666-490e-adca-3f9c6cca18f0', '562408000003', 4, 'CH2', '2024-11-21 09:03:38'),
       ('29f085a2-88fb-4641-9d00-48b63037eb55', '562408000003', 5, 'CH2', '2024-11-18 23:10:08'),
       ('2a1cb69f-317f-4448-911f-55a24e12df5f', '562408000003', 1, 'CH2', '2024-11-20 21:45:07'),
       ('2a7e173a-b80b-424a-9d90-129463257d8d', '562408000003', 1, 'CH2', '2024-11-20 22:47:48'),
       ('2a855e3b-6713-404a-bbc0-2a4bf7499ef6', '562408000003', 3, 'CH2', '2024-11-18 23:32:53'),
       ('2a9b9264-9362-4691-afb8-f06f7c952a2c', '562408000003', 4, 'CH2', '2024-11-18 23:30:23'),
       ('2b0a616d-c5f6-4807-82af-ede75f54c2ef', '562408000003', 1, 'CH2', '2024-11-20 22:32:14'),
       ('2b14d20d-de50-41b3-bb9f-bacaba647182', '562408000003', 1, 'CH2', '2024-11-20 22:42:51'),
       ('2b803f5e-e809-4495-aa37-d3ef944b1b1d', '562408000003', 6, 'CH2', '2024-11-20 19:05:20'),
       ('2bc6d676-b597-498f-8499-06488bf3bf45', '562408000003', 1, 'CH2', '2024-11-20 23:55:08'),
       ('2c261ced-90f1-48ec-940d-bca7c79c7f1f', '562408000003', 2, 'CH2', '2024-11-20 22:06:31'),
       ('2cc328d5-9b62-4f68-a78c-404bcbf4d78f', '562408000003', 1, 'CH2', '2024-11-20 19:01:26'),
       ('2cfcb100-d0b6-42bf-b182-27c9175f5213', '562408000003', 2, 'CH2', '2024-11-18 22:41:42'),
       ('2e20fd78-a3af-4a6f-8de5-92780e584935', '562408000003', 2, 'CH2', '2024-11-18 23:39:52'),
       ('2e570428-db6e-4b6e-b329-647ad2d9e9eb', '562408000003', 3, 'CH2', '2024-11-20 18:55:32'),
       ('2e8020d6-55d9-49a9-814b-476313703af5', '562408000003', 1, 'CH2', '2024-11-21 09:07:04'),
       ('2ebcb52a-95cd-44e0-b127-b0b52d4402db', '562408000003', 1, 'CH2', '2024-11-18 23:44:47'),
       ('2ee9714f-9635-4a5b-981f-839e69de4753', '562408000003', 1, 'CH2', '2024-11-20 21:51:53'),
       ('2f0fd8c8-aca3-41bb-87dd-d2ca9cd2f90b', '562408000003', 1, 'CH2', '2024-11-20 19:38:24'),
       ('2f815e91-0548-44a0-90e4-b69af8a358cf', '562408000003', 4, 'CH2', '2024-11-20 18:35:37'),
       ('2faed645-6a7c-4863-abe3-b23ca33121d7', '562408000003', 1, 'CH2', '2024-11-20 18:19:46'),
       ('2fc453f4-9e57-4a04-9b8e-2ab164458054', '562408000003', 1, 'CH2', '2024-11-20 22:37:58'),
       ('306feb59-5123-415b-9ce3-8e050b718607', '562408000003', 1, 'CH2', '2024-11-20 23:40:48'),
       ('3087b8c2-3f9b-46f4-a5f9-14a1c25572ad', '562408000003', 1, 'CH2', '2024-11-20 23:28:58'),
       ('30c2e7c0-ca34-4fc0-bbf4-a8f0433ad190', '562408000003', 1, 'CH2', '2024-11-21 07:45:01'),
       ('30f2a872-43d8-48e0-a5a2-340451a3df75', '562408000003', 1, 'CH2', '2024-11-19 01:46:30'),
       ('313ac659-2712-4f4a-9b04-c66fe8ed8c82', '562408000003', 1, 'CH2', '2024-11-18 22:51:52'),
       ('318e7dd2-6c3e-4519-93e8-176cff0c41f5', '562408000003', 1, 'CH2', '2024-11-20 22:06:01'),
       ('31b782d3-6e3f-418e-ade1-144e9089b9fd', '562408000003', 2, 'CH2', '2024-11-20 22:51:37'),
       ('3230c6f7-ad34-4db5-9f94-82e62475fdaf', '562408000007', 1, 'CH2', '2024-11-12 00:45:31'),
       ('32896363-89f9-4f2a-a509-a8fa6f0a5a82', '562408000007', 2, 'CH2', '2024-11-13 18:56:08'),
       ('32ba8c4b-e69d-4b81-b717-d382224c9bf3', '562408000003', 4, 'CH2', '2024-11-18 23:23:23'),
       ('32f73055-be27-40e1-9cf2-a39c041b184e', '562408000003', 1, 'CH2', '2024-11-19 01:08:02'),
       ('330374c0-7fb5-460e-b1c2-806234754368', '562408000007', 3, 'CH2', '2024-11-13 19:27:32'),
       ('3345d502-0e12-4253-aadc-eefe7d418cac', '562408000007', 2, 'CH2', '2024-11-13 19:53:37'),
       ('3365ddfa-7332-489b-9263-bcc34af4fdb0', '562408000003', 4, 'CH2', '2024-11-20 22:02:52'),
       ('338199d6-2357-43c7-bd81-dbea1f961ec9', '562408000007', 1, 'CH2', '2024-11-13 20:00:24'),
       ('33844aae-7e2a-4f57-b085-89f6b4ae0914', '562408000003', 1, 'CH2', '2024-11-20 22:17:57'),
       ('3385e128-0394-4ba8-8582-371395349022', '562408000003', 1, 'CH2', '2024-11-19 01:32:24'),
       ('34e29d77-944c-4635-8236-ad5cee05c0dd', '562408000003', 1, 'CH2', '2024-11-18 23:10:38'),
       ('351ac6a4-a9b8-45ce-a113-0eac7b2379bf', '562408000003', 1, 'CH2', '2024-11-18 23:39:22'),
       ('355d49a7-9342-436a-9b6f-5b03c239dadc', '562408000003', 2, 'CH2', '2024-11-18 23:12:59'),
       ('35da0f7d-d7fe-4bab-9180-beba549a3236', '562408000003', 2, 'CH2', '2024-11-19 01:15:25'),
       ('360573ce-49f0-429d-9afd-b62a2b3d6215', '562408000003', 1, 'CH2', '2024-11-20 23:39:48'),
       ('36622076-1547-400d-b145-023ba2d78b23', '562408000007', 1, 'CH2', '2024-11-13 20:18:18'),
       ('366bed6f-629e-4b81-9d55-c30f4aa89090', '562408000003', 2, 'CH2', '2024-11-20 19:06:50'),
       ('367c838b-0241-4d76-842c-475cf61d7e0a', '562408000003', 8, 'CH2', '2024-11-20 18:37:07'),
       ('36bdd1f1-20d7-40d4-9d2c-18d30821b70a', '562408000003', 1, 'CH2', '2024-11-20 22:20:04'),
       ('36bfcbe1-8b33-40e1-8112-bdaa94666314', '562408000003', 2, 'CH2', '2024-11-20 22:33:14'),
       ('3761a18e-ed1e-4ffd-a1c9-f4731366bc84', '562408000003', 1, 'CH2', '2024-11-21 02:30:21'),
       ('37629d70-8861-417b-a961-b8c447264321', '562408000007', 1, 'CH2', '2024-11-12 00:16:24'),
       ('378bbfd1-961f-48f7-90f1-c3e93348bfac', '562408000003', 1, 'CH1', '2024-11-23 02:38:26'),
       ('37c3fa98-d176-40e2-8228-052c00aaa707', '562408000003', 1, 'CH2', '2024-11-20 23:54:38'),
       ('37dce974-0ebb-47a5-9a3a-c839df199758', '562408000007', 1, 'CH2', '2024-11-13 19:50:02'),
       ('37e3fcdb-87b7-4d5e-8119-925de505305d', '562408000003', 1, 'CH2', '2024-11-21 01:46:20'),
       ('388730a0-49c5-460d-ac96-01985cb0e2af', '562408000003', 1, 'CH2', '2024-11-19 01:20:05'),
       ('38b1a9d1-c963-47d7-a2cd-42a897982ac8', '562408000003', 2, 'CH2', '2024-11-20 19:24:50'),
       ('38bf381b-5cf3-45c1-be04-462e24ab27d0', '562408000003', 2, 'CH2', '2024-11-20 19:17:15'),
       ('38c1f22b-4258-4b75-af9a-7622857f33a6', '562408000003', 7, 'CH2', '2024-11-20 18:28:59'),
       ('38f82b26-e089-4c21-b60d-697e97873ec8', '562408000007', 2, 'CH2', '2024-11-13 19:20:56'),
       ('39164460-9400-42a5-b2a0-a2ee3c41abbc', '562408000003', 5, 'CH2', '2024-11-18 23:37:24'),
       ('39218166-c80d-4f76-8b46-d9ab2d9ad24e', '562408000003', 1, 'CH2', '2024-11-20 18:02:59'),
       ('392ca70e-f41b-4600-bfe7-485a4753c632', '562408000007', 2, 'CH2', '2024-11-13 19:50:32'),
       ('395585b2-80e3-4ae2-908b-3e1d278109d5', '562408000007', 3, 'CH2', '2024-11-13 20:24:06'),
       ('3986a957-d9f9-42f1-b9f1-ae0e7db22cac', '562408000003', 1, 'CH2', '2024-11-19 01:33:26'),
       ('39aa25c9-a9a8-4a8d-9804-d376c67878f6', '562408000003', 1, 'CH2', '2024-11-18 23:11:38'),
       ('39ac1050-d4bf-4c24-b04a-ce9de2c71719', '562408000007', 1, 'CH2', '2024-11-13 20:06:48'),
       ('39b99730-7331-437f-bd0e-8b639265b15f', '562408000003', 2, 'CH2', '2024-11-19 01:38:03'),
       ('3a09d0d4-a000-4315-ab30-6429d6c68176', '562408000003', 1, 'CH2', '2024-11-20 18:01:29'),
       ('3a1baf4a-089e-487d-9f0c-924487276d8d', '562408000007', 2, 'CH2', '2024-11-12 00:07:51'),
       ('3a2f30c7-6644-4e26-9a69-adbf719bfbc0', '562408000007', 2, 'CH2', '2024-11-13 20:32:40'),
       ('3b1848dd-1946-4ba4-8fbd-a8290a2b5e6c', '562408000003', 4, 'CH2', '2024-11-20 23:25:21'),
       ('3b1f5dfb-8d9b-454d-ab0a-9bbaafdcbfdb', '562408000003', 1, 'CH2', '2024-11-18 23:18:23'),
       ('3b409234-c7c9-44a3-be45-d69fd30fa6e6', '562408000003', 6, 'CH2', '2024-11-20 23:17:05'),
       ('3b66cb9e-86ea-4981-9996-4fc54259fd0f', '562408000003', 1, 'CH2', '2024-11-20 17:59:08'),
       ('3ba8aebc-8e15-4dcd-b241-158ee33fefa9', '562408000003', 2, 'CH2', '2024-11-19 01:37:33'),
       ('3bf4adcd-4d4e-47ee-9c70-7174ca314930', '562408000007', 1, 'CH2', '2024-11-13 18:53:38'),
       ('3c591b14-4574-412b-ba30-442bc77a4a5a', '562408000007', 1, 'CH2', '2024-11-13 20:04:35'),
       ('3c81098d-be57-4226-8718-a12ad99a0941', '562408000007', 3, 'CH2', '2024-11-13 20:37:40'),
       ('3d367afb-4ad1-4686-ae9c-6ac7cfc6649f', '562408000003', 3, 'CH2', '2024-11-20 22:03:22'),
       ('3d55473b-1040-42d5-a4f1-deaccf77c956', '562408000007', 1, 'CH2', '2024-11-13 20:42:41'),
       ('3e929127-e100-4620-acab-541b362a4a9a', '562408000003', 1, 'CH2', '2024-11-19 01:06:14'),
       ('3ec8c67f-76ad-4b9e-83f1-52b029f49145', '562408000003', 3, 'CH2', '2024-11-20 23:20:27'),
       ('3ed21ab6-f58b-4d6e-8751-0d3557f336c2', '562408000003', 1, 'CH2', '2024-11-19 01:33:56'),
       ('3ee3b8ae-8948-4e48-b83e-1de02e0d1d9b', '562408000003', 4, 'CH2', '2024-11-21 01:46:50'),
       ('3f7717b0-cf2b-4d59-85fd-96b0ba17fde2', '562408000003', 1, 'CH2', '2024-11-19 00:56:39'),
       ('407b1771-0ee8-4816-955b-926df4da5bb2', '562408000003', 3, 'CH2', '2024-11-18 23:03:27'),
       ('41169f2c-b93d-4cdf-b4d0-ef17cfa25486', '562408000003', 1, 'CH2', '2024-11-20 22:21:50'),
       ('4162cac7-9dea-4202-ac9d-0b2422d3178c', '562408000003', 1, 'CH2', '2024-11-19 00:57:29'),
       ('4200cb05-5879-4f4c-8903-8faca88c2c49', '562408000003', 7, 'CH2', '2024-11-21 01:21:17'),
       ('42368288-6c0d-4d82-b1c8-ea14bc4f99ab', '562408000003', 2, 'CH2', '2024-11-20 18:32:07'),
       ('42ec5d74-6572-46b1-bab0-1a8f7f905cab', '562408000003', 1, 'CH2', '2024-11-19 02:56:46'),
       ('42f68f39-12af-4e28-b496-410f03cdf01f', '562408000003', 1, 'CH1', '2024-11-23 02:37:56'),
       ('43530a96-b3ce-4cc5-8fec-55b1c91daf09', '562408000003', 4, 'CH2', '2024-11-20 22:28:19'),
       ('43865d43-c4a8-43ec-b3b9-201c298b8e82', '562408000003', 1, 'CH2', '2024-11-20 22:17:17'),
       ('43afee1d-4155-4db2-828a-c3460606163a', '562408000003', 4, 'CH2', '2024-11-18 23:07:39'),
       ('43be5262-35da-48bd-819a-589fc1242687', '562408000007', 1, 'CH2', '2024-11-11 23:57:20'),
       ('43bfefc4-0cc9-4c44-b2b2-64d3fae875f8', '562408000007', 1, 'CH2', '2024-11-12 00:06:51'),
       ('442b6d57-bb12-49e4-beb8-175b71e1da12', '562408000003', 1, 'CH2', '2024-11-20 22:56:13'),
       ('445ced37-6212-41dc-8dd0-3c75eb9ece35', '562408000003', 1, 'CH2', '2024-11-20 23:38:05'),
       ('446cc8c1-74b5-4afc-ac02-580b4f4ab8fc', '562408000003', 1, 'CH2', '2024-11-20 18:37:37'),
       ('4545a9ae-121d-4c07-8d41-7e0861f35fef', '562408000003', 2, 'CH2', '2024-11-20 22:35:44'),
       ('457b7788-cc97-4329-aa6b-0b8b9250fa9e', '562408000003', 1, 'CH2', '2024-11-20 18:31:07'),
       ('45e4ae40-27d8-41a2-b98f-5a5b3707b15c', '562408000007', 1, 'CH2', '2024-11-15 02:27:54'),
       ('45f0db31-b60b-48bd-98fb-68d62c400ba9', '562408000003', 1, 'CH2', '2024-11-21 08:04:40'),
       ('4626c84f-f500-4fb5-a261-bd5ace1eed15', '562408000003', 1, 'CH2', '2024-11-21 07:45:31'),
       ('4644339d-9b2b-4ab1-b298-c8663e23d9fb', '562408000003', 1, 'CH2', '2024-11-21 00:04:30'),
       ('467d9c9a-553c-4dd5-8382-ab0ed7ec5a52', '562408000003', 3, 'CH2', '2024-11-20 19:02:43'),
       ('468097b4-92b6-4c63-a6c7-a3dc5b0362e3', '562408000003', 1, 'CH2', '2024-11-21 02:32:04'),
       ('469ee21b-f57c-466a-95dc-1bb46d328200', '562408000003', 1, 'CH2', '2024-11-20 23:29:28'),
       ('46b18a3b-39ad-4d4c-8513-3ee2b4f232a1', '562408000003', 2, 'CH2', '2024-11-20 23:07:57'),
       ('46e9ac68-b420-4c98-9586-c5b99b1362d1', '562408000007', 3, 'CH2', '2024-11-12 02:53:46'),
       ('47323048-e87a-4e9d-9d81-2677427f5620', '562408000003', 1, 'CH2', '2024-11-20 19:13:24'),
       ('475855b9-87da-4104-9504-71de15384772', '562408000003', 8, 'CH2', '2024-11-18 23:36:24'),
       ('47846a2b-2bf3-4a96-aed9-8e17bee81819', '562408000003', 1, 'CH1', '2024-11-23 02:04:34'),
       ('47a8f293-b261-4d9a-ba46-0eca3c632f3b', '562408000007', 1, 'CH2', '2024-11-13 20:18:48'),
       ('47bab012-56d6-46b1-a781-9131b95631d1', '562408000007', 1, 'CH2', '2024-11-13 20:31:10'),
       ('47caedf5-f9a8-4abe-8263-b151a57e1909', '562408000003', 1, 'CH2', '2024-11-20 23:09:32'),
       ('48207199-de69-426e-be96-6f844410fd8e', '562408000007', 1, 'CH2', '2024-11-13 20:22:36'),
       ('4854c7d2-377d-479a-9261-5bc26a62701f', '562408000003', 1, 'CH1', '2024-11-23 01:44:11'),
       ('4898ac3a-09fa-439e-b1d4-8a6cb57a398c', '562408000003', 1, 'CH2', '2024-11-19 01:31:24'),
       ('48cac89a-445b-4b99-9c1d-8b10eb021e81', '562408000003', 2, 'CH2', '2024-11-20 21:50:53'),
       ('4904eafb-7d94-440c-98d6-b45b7f76a3a5', '562408000007', 1, 'CH2', '2024-11-13 19:51:37'),
       ('4927f1f3-ef3c-488f-86b2-fe35651c0691', '562408000003', 3, 'CH2', '2024-11-18 23:31:53'),
       ('4a43cbcb-e109-4cf5-9752-1447d280fda3', '562408000003', 1, 'CH2', '2024-11-20 23:52:27'),
       ('4a815329-f8c5-4a7a-a468-85760982949f', '562408000003', 3, 'CH2', '2024-11-20 18:33:07'),
       ('4a9e5f9c-e021-4a31-b31d-e1ac36f4ceaa', '562408000003', 3, 'CH2', '2024-11-20 22:56:43'),
       ('4a9ef415-b675-4555-85cb-6301dfaf9c9e', '562408000003', 1, 'CH2', '2024-11-21 01:15:32'),
       ('4acb076d-1ffc-490a-8d7e-0d6a89e6e768', '562408000003', 1, 'CH2', '2024-11-20 23:40:18'),
       ('4c3ec8d3-c1b4-46cc-ab59-82c7323c94bd', '562408000003', 6, 'CH2', '2024-11-18 23:24:23'),
       ('4cbe0b81-36b2-4bbf-9aae-e3b244deb585', '562408000003', 2, 'CH2', '2024-11-20 21:51:23'),
       ('4d2574c0-30fb-49a3-b8f6-51b9e1f05a6e', '562408000003', 6, 'CH2', '2024-11-18 23:19:53'),
       ('4dcf09e1-0d56-4db6-939e-a3a5155bfe35', '562408000003', 1, 'CH2', '2024-11-19 01:47:00'),
       ('4f0298e6-e817-44d2-901f-0b898c4f173c', '562408000003', 1, 'CH2', '2024-11-18 22:55:56'),
       ('4f0edb0f-110c-42d4-a70e-c52ef2bf77f3', '562408000003', 1, 'CH2', '2024-11-19 01:04:08'),
       ('4fcfc0aa-f03c-4a0e-85f6-a70cc54bd196', '562408000003', 5, 'CH2', '2024-11-18 23:24:53'),
       ('5000455c-c67e-4fc6-9ce2-0695940dbc4e', '562408000003', 7, 'CH2', '2024-11-20 22:41:36'),
       ('500ab8b1-9b73-4039-89e1-0223735d3cab', '562408000003', 1, 'CH2', '2024-11-18 23:05:07'),
       ('5083e5b8-36e6-4135-913f-1f7c3382b666', '562408000007', 2, 'CH2', '2024-11-13 19:37:29'),
       ('50e56637-a1da-4403-9742-c24ce9984d58', '562408000003', 1, 'CH2', '2024-11-19 01:34:26'),
       ('519bc98b-a519-49e8-8320-b50d326ecc11', '562408000003', 1, 'CH2', '2024-11-19 02:52:23'),
       ('51a65873-be82-41c3-af86-5f85596999b5', '562408000003', 2, 'CH2', '2024-11-20 19:32:49'),
       ('51bd1495-60bf-49dc-bb57-33a15955f8e2', '562408000003', 1, 'CH2', '2024-11-20 22:39:28'),
       ('535374be-8a06-434c-82a4-d2a1950ac6d1', '562408000003', 2, 'CH2', '2024-11-20 21:46:52'),
       ('53643fb8-592f-480b-85a4-530fdfe551b3', '562408000003', 2, 'CH2', '2024-11-20 22:23:08'),
       ('53cdc735-4f31-4314-a946-4f1c38740002', '562408000003', 3, 'CH2', '2024-11-20 23:22:27'),
       ('543f9ed2-a2f6-4790-bd27-14a3ef195cfc', '562408000007', 2, 'CH2', '2024-11-12 01:03:58'),
       ('553e4522-f53b-4800-88be-c464fc1f13f1', '562408000007', 1, 'CH2', '2024-11-13 19:02:57'),
       ('55b7211e-88c6-464b-9592-f29eed4d1e09', '562408000003', 3, 'CH2', '2024-11-18 22:49:52'),
       ('55c2e842-4674-4e50-807f-2f84a38749f5', '562408000003', 1, 'CH2', '2024-11-19 01:45:30'),
       ('55cd83e1-945f-4413-aa36-20982944e563', '562408000007', 1, 'CH2', '2024-11-12 00:42:59'),
       ('55f5721a-fbf9-4331-8955-a89c6df158f3', '562408000003', 2, 'CH2', '2024-11-20 17:56:35'),
       ('561f81b9-90ea-469d-9c82-a397dce8e06b', '562408000003', 1, 'CH2', '2024-11-20 23:37:35'),
       ('5652ecdb-c87e-4ea6-bf8d-e9de297ebacd', '562408000003', 1, 'CH2', '2024-11-21 00:22:31'),
       ('567da9cf-302b-43aa-90d6-8ac4d574162e', '562408000007', 2, 'CH2', '2024-11-13 19:46:33'),
       ('56838ab9-9cb1-401a-9197-25979cfd3994', '562408000003', 1, 'CH2', '2024-11-21 08:09:30'),
       ('568e83ef-3d8b-4315-bce0-8e51979e6144', '562408000003', 1, 'CH2', '2024-11-21 08:07:46'),
       ('56ebc98f-dbc4-476c-a456-9678425a681d', '562408000003', 2, 'CH2', '2024-11-20 22:01:45'),
       ('56f2f0dc-794b-4853-a26f-51f983985b1c', '562408000003', 1, 'CH2', '2024-11-19 01:39:33'),
       ('573b8b57-5c49-4187-999a-8d6a845019bf', '562408000003', 5, 'CH2', '2024-11-18 23:28:23'),
       ('5740cbe8-5236-4f8e-8260-d06557a62997', '562408000003', 1, 'CH2', '2024-11-19 01:41:09'),
       ('5742a516-13d9-4d8f-b3db-2222b71405c9', '562408000003', 1, 'CH2', '2024-11-21 09:04:08'),
       ('576c4f11-94dc-41d1-b371-11e00c65639b', '562408000003', 1, 'CH2', '2024-11-19 01:46:00'),
       ('57c84cea-4426-407c-9b42-57fed494a3a1', '562408000003', 2, 'CH2', '2024-11-20 19:40:14'),
       ('57ec10d6-6fe5-47ad-9d0c-c6153c6ba62f', '562408000003', 2, 'CH2', '2024-11-21 08:02:13'),
       ('58277a14-0f97-4b87-8886-f991286013f3', '562408000003', 1, 'CH2', '2024-11-20 21:54:20'),
       ('58aca5f0-6bae-4e73-bce7-6cbb8fa68964', '562408000007', 1, 'CH2', '2024-11-13 19:55:32'),
       ('58cf6b89-a08d-4627-b98f-fc582acdd475', '562408000003', 2, 'CH2', '2024-11-20 22:28:49'),
       ('58df0a97-cdbf-4cff-96c1-e5056f628b08', '562408000007', 2, 'CH2', '2024-11-11 23:50:53'),
       ('5911cf25-5ac7-4e88-acc5-997c6e164a5f', '562408000003', 1, 'CH1', '2024-11-23 01:38:45'),
       ('591ff158-2ce7-4734-a5ed-e8403987e1e8', '562408000003', 7, 'CH2', '2024-11-20 22:45:01'),
       ('59857be0-6a10-4018-8e10-753bbfe08fe8', '562408000003', 2, 'CH2', '2024-11-20 17:57:35'),
       ('599572c1-0dec-486f-9242-396bda61e130', '562408000003', 1, 'CH2', '2024-11-19 01:38:33'),
       ('5a8ef730-82db-4d5c-88c3-889d405498f1', '562408000003', 1, 'CH2', '2024-11-19 01:16:55'),
       ('5abc3427-d158-411b-bc95-6f9344797f98', '562408000007', 1, 'CH2', '2024-11-12 00:41:59'),
       ('5ac0a182-bd73-4a7c-b26b-233bc92bcf0e', '562408000003', 1, 'CH1', '2024-11-23 02:05:04'),
       ('5b3355b1-f157-4fd1-959f-4200f9993c50', '562408000007', 2, 'CH2', '2024-11-13 20:38:40'),
       ('5bded614-df39-43dd-ad67-53aae9db9b03', '562408000007', 2, 'CH2', '2024-11-12 01:18:35'),
       ('5bfc0802-b139-4fc1-b8ab-de37a8899e50', '562408000007', 1, 'CH2', '2024-11-13 20:21:04'),
       ('5c56d7b2-267a-4b00-83e3-2f97d4a1e04a', '562408000003', 1, 'CH2', '2024-11-20 23:36:54'),
       ('5c97c602-d4cd-4624-a224-1b5eb5a7ddcd', '562408000003', 2, 'CH2', '2024-11-20 22:14:44'),
       ('5cf208ba-772a-4f55-b64f-0bfc2c58ce0c', '562408000007', 3, 'CH2', '2024-11-13 19:25:32'),
       ('5d00bdb7-e565-409d-8124-bb2fdb577678', '562408000003', 1, 'CH2', '2024-11-20 19:02:13'),
       ('5e3a4fa7-8fe7-4552-a48c-b3c61648942e', '562408000003', 1, 'CH2', '2024-11-19 01:25:36'),
       ('5e579fae-b0e5-4be9-9444-9996643bdb7b', '562408000003', 1, 'CH2', '2024-11-18 22:58:26'),
       ('5ee89754-fb09-48ee-afdf-e3c6413a0e72', '562408000003', 1, 'CH2', '2024-11-19 01:36:26'),
       ('5f31953c-6cae-40ac-908b-9fa74e341b7e', '562408000003', 2, 'CH2', '2024-11-20 22:29:19'),
       ('5f401389-c124-4e3f-8e44-b4195733421e', '562408000003', 1, 'CH2', '2024-11-18 22:57:26'),
       ('5f742656-91eb-4607-b950-874c9f855af3', '562408000007', 2, 'CH2', '2024-11-13 19:19:56'),
       ('602081a4-f792-4393-a3e5-7828fcac4833', '562408000003', 4, 'CH2', '2024-11-20 23:34:54'),
       ('604e3170-3917-4851-a73a-273716d492ec', '562408000003', 1, 'CH2', '2024-11-21 01:29:20'),
       ('61eadd02-2f0d-4213-92d0-8783fa6b2a85', '562408000003', 1, 'CH2', '2024-11-19 01:41:39'),
       ('620e138f-9c64-4d08-80c4-b80772fad8f1', '562408000007', 5, 'CH2', '2024-11-13 20:23:36'),
       ('62ee445d-9900-4f83-a11e-3f27253e1fa4', '562408000003', 1, 'CH2', '2024-11-21 02:29:15'),
       ('63505e38-a7d9-4ed1-9d3d-de6051a1c7bb', '562408000003', 4, 'CH2', '2024-11-20 22:57:13'),
       ('63843c55-cc8d-4fa1-9a86-86c0a4017c34', '562408000007', 2, 'CH2', '2024-11-12 01:13:47'),
       ('649081b5-e5a5-48c1-92d2-53701f57225b', '562408000003', 4, 'CH2', '2024-11-20 19:27:32'),
       ('64957363-40e5-409c-bd5a-57d837d249d4', '562408000007', 1, 'CH2', '2024-11-13 19:34:49'),
       ('654c266c-8485-4264-8e2a-462cbbfe4410', '562408000003', 3, 'CH2', '2024-11-21 01:21:47'),
       ('6586e9b0-1068-4577-96c4-8ccc5774be54', '562408000003', 1, 'CH2', '2024-11-20 22:58:30'),
       ('65918bd5-a075-4fa7-8f45-6a9029fac006', '562408000007', 1, 'CH2', '2024-11-13 20:16:05'),
       ('65a8f688-be05-411d-8f5e-c9d881dbc9a0', '562408000003', 1, 'CH2', '2024-11-20 22:31:02'),
       ('6602256c-6f9a-487c-91ac-dbdbf832e7b4', '562408000003', 1, 'CH2', '2024-11-19 01:43:09'),
       ('6632f635-43f7-4bd4-a2ce-d17d4dd98301', '562408000003', 6, 'CH2', '2024-11-18 23:29:23'),
       ('665513b0-b23c-45fb-9940-2ab85411694a', '562408000003', 1, 'CH2', '2024-11-18 22:54:56'),
       ('66852fe2-b94f-46e2-804d-6a3e9457f5cd', '562408000003', 1, 'CH2', '2024-11-21 02:10:59'),
       ('66f864fc-444f-4e8d-9bae-ea45a35dfed5', '562408000003', 1, 'CH2', '2024-11-21 08:10:00'),
       ('67349121-6f51-4806-a795-a893f6b25a08', '562408000003', 1, 'CH2', '2024-11-19 00:55:39'),
       ('67777a79-123f-4ba9-8f6c-8b9d8be41555', '562408000007', 1, 'CH2', '2024-11-13 19:40:25'),
       ('67ad9a73-8443-4bad-9d50-d5e5ae55142c', '562408000003', 1, 'CH2', '2024-11-20 22:21:20'),
       ('67d48461-e28a-441c-97ce-b4038a2c8c40', '562408000003', 1, 'CH2', '2024-11-21 09:18:35'),
       ('6822d430-f242-4983-9325-90a5da529138', '562408000003', 2, 'CH1', '2024-11-23 01:10:01'),
       ('6824eda7-ac85-42f2-8d10-0363d07466e0', '562408000007', 1, 'CH2', '2024-11-13 19:35:26'),
       ('682e5ac5-9b64-43fb-b59c-b765fe9d989e', '562408000007', 2, 'CH2', '2024-11-13 20:15:00'),
       ('68dc8487-c9a3-43dd-b0a0-8bd788d5a77d', '562408000007', 5, 'CH2', '2024-11-13 20:35:10'),
       ('69bbc286-0399-41ee-be16-f8c53a8c1c6b', '562408000003', 3, 'CH2', '2024-11-20 22:43:21'),
       ('69bdbec0-feb3-47dd-b3b2-a4c9d4baec5d', '562408000007', 5, 'CH2', '2024-11-12 01:19:05'),
       ('6ad303ae-2941-4c32-8d11-69889b699c64', '562408000003', 1, 'CH1', '2024-11-23 02:40:57'),
       ('6b3d4c4c-0d25-4c14-8ef7-9d16bcb95ef9', '562408000007', 4, 'CH2', '2024-11-13 20:25:29'),
       ('6b6418f5-0138-4feb-aaf8-53dce1fd2307', '562408000003', 1, 'CH2', '2024-11-20 22:16:47'),
       ('6bcca4f6-ad9f-46ea-be29-1f15be5376f4', '562408000003', 2, 'CH2', '2024-11-20 22:18:27'),
       ('6c68bbd4-9f45-47b4-86fa-8f0d56aa0871', '562408000003', 1, 'CH2', '2024-11-20 22:08:52'),
       ('6d23f8bf-202c-4c4e-b3d7-24ce3e3cb16b', '562408000003', 1, 'CH2', '2024-11-18 23:00:54'),
       ('6dc398a1-5033-496f-bbb9-37f66ae4b6e7', '562408000003', 1, 'CH2', '2024-11-21 08:04:09'),
       ('6df5ffdd-81c9-4da4-94cc-98f645a5aaff', '562408000003', 1, 'CH2', '2024-11-19 01:42:09'),
       ('6e15a0be-6403-4bdf-be72-d8087fce276e', '562408000003', 1, 'CH2', '2024-11-20 18:09:53'),
       ('6e495ef0-bcc3-4f22-9088-04e41c147808', '562408000003', 6, 'CH2', '2024-11-20 19:04:50'),
       ('6e5534fa-7060-4e6c-bf5d-c07293a4a96a', '562408000003', 2, 'CH2', '2024-11-21 08:57:21'),
       ('6eb211ba-62ff-4a87-bcbc-c5d5576c6294', '562408000003', 1, 'CH2', '2024-11-19 02:28:55'),
       ('6efae9fb-5ac9-465c-a909-03e6e75fd032', '562408000003', 5, 'CH2', '2024-11-18 23:28:53'),
       ('6f02a10d-5924-4c9c-9cdb-08c694022a5d', '562408000003', 4, 'CH2', '2024-11-18 23:29:53'),
       ('6f54c00a-9d97-4aae-bfd1-0e7ba1efde47', '562408000003', 1, 'CH2', '2024-11-20 23:04:44'),
       ('6f760ac9-bd24-4222-ab55-0cc75582c23b', '562408000003', 1, 'CH2', '2024-11-20 21:53:20'),
       ('6fc1ab67-9e80-46e8-9179-7f28ed505f76', '562408000003', 1, 'CH2', '2024-11-21 00:12:47'),
       ('6fdb8bdc-9611-4492-bdc6-df45fd8f989e', '562408000003', 4, 'CH2', '2024-11-18 23:13:59'),
       ('6fdda542-fe4b-46be-919a-6e3ee9549224', '562408000007', 1, 'CH2', '2024-11-13 20:44:19'),
       ('700614a8-8772-44bf-9ea8-3a188d01e9f3', '562408000003', 1, 'CH2', '2024-11-20 22:53:23'),
       ('7028910d-934e-40bd-8ed1-fc2fbc8ef9e0', '562408000003', 4, 'CH2', '2024-11-21 00:36:44'),
       ('7028ad8d-e34e-4025-a9b6-929c7442ce10', '562408000007', 2, 'CH2', '2024-11-13 20:32:10'),
       ('7087c35c-be05-47bc-b26b-cece8edc63c2', '562408000003', 2, 'CH2', '2024-11-18 23:38:24'),
       ('7090ad0f-38d6-40f1-95f7-c6a491391978', '562408000003', 1, 'CH2', '2024-11-20 22:44:31'),
       ('70b0de77-0631-475e-8446-c22758a13de7', '562408000003', 1, 'CH2', '2024-11-20 23:46:33'),
       ('70f4f0ca-707d-4c55-920f-6d06134efa9b', '562408000003', 3, 'CH2', '2024-11-18 23:35:24'),
       ('71557674-032c-4ae3-b17c-9f937e89fc86', '562408000007', 1, 'CH2', '2024-11-12 03:26:52'),
       ('718744e0-f629-478d-9763-4be589cf0ec5', '562408000003', 1, 'CH2', '2024-11-20 18:05:59'),
       ('71f4a914-815b-495b-8e85-2b0e79f28fa7', '562408000003', 1, 'CH2', '2024-11-20 18:36:07'),
       ('72345c45-83d9-4019-a7fc-49f553c95cb0', '562408000003', 1, 'CH2', '2024-11-19 01:20:52'),
       ('72769dff-a2a2-430d-9c92-e974fc3da9ae', '562408000007', 1, 'CH2', '2024-11-12 01:12:47'),
       ('72ad5bc4-4bc6-472e-9257-30c1f1c84990', '562408000003', 2, 'CH2', '2024-11-18 23:03:57'),
       ('72d5f8dc-badb-49cb-8d5d-69b00cce4ea4', '562408000007', 2, 'CH2', '2024-11-13 20:37:10'),
       ('73009695-70f2-45ad-aa28-5a203bd9d6db', '562408000003', 1, 'CH2', '2024-11-20 19:29:56'),
       ('7306ff6b-703b-4113-b15c-2df641a744ce', '562408000003', 1, 'CH2', '2024-11-20 22:24:57'),
       ('7343ed7a-d843-47e8-b1f2-856fc9c74fe0', '562408000007', 3, 'CH2', '2024-11-12 00:07:21'),
       ('73c7760c-6288-4f35-81e5-ef0f34e57cdd', '562408000003', 1, 'CH2', '2024-11-19 00:57:59'),
       ('73cdda20-ea97-41a2-a214-4fbb8e8ad466', '562408000003', 1, 'CH1', '2024-11-23 01:40:15'),
       ('740a8d08-7177-4b4c-8da1-98829ede296d', '562408000003', 4, 'CH2', '2024-11-20 19:23:50'),
       ('74528ba5-0804-424e-b58b-178d2065d2fc', '562408000003', 1, 'CH2', '2024-11-19 01:26:06'),
       ('7490d81d-f3e0-47da-b946-17ee9a068de1', '562408000007', 1, 'CH2', '2024-11-13 19:07:26'),
       ('749c9507-fae1-4e3a-bee0-fe63ba82296c', '562408000003', 4, 'CH2', '2024-11-20 18:27:29'),
       ('74b32d1c-d8a3-4530-a452-aa6fd2c277f6', '562408000003', 4, 'CH2', '2024-11-20 23:14:26'),
       ('74b3666e-c05d-4967-8dd5-093bb5cf31cc', '562408000003', 1, 'CH2', '2024-11-20 19:18:49'),
       ('74ca60b9-3767-4cda-b8ce-5672366e81ed', '562408000003', 9, 'CH2', '2024-11-20 18:40:37'),
       ('74fb3f04-6117-4b52-b51f-04ad9ab85ed2', '562408000007', 1, 'CH2', '2024-11-12 00:03:41'),
       ('7573ba50-711a-4afc-9aca-3c0f40d869e9', '562408000003', 3, 'CH2', '2024-11-20 23:18:05'),
       ('75d4627b-76a6-40bb-b360-075ebaf116c8', '562408000003', 1, 'CH2', '2024-11-20 21:54:50'),
       ('75dd0d1b-c31b-475e-a3ca-28dcceca5f66', '562408000003', 3, 'CH2', '2024-11-20 19:07:21'),
       ('767b1d51-6293-410e-8d4b-6c2491630d20', '562408000007', 1, 'CH2', '2024-11-13 19:42:18'),
       ('76b0bbea-12fa-4923-bcc8-e99e0fc6780d', '562408000003', 4, 'CH2', '2024-11-20 18:21:46'),
       ('76d12f80-3c9c-4c39-ab24-9792463415c6', '562408000003', 1, 'CH2', '2024-11-20 19:31:24'),
       ('770140bc-4b46-4df6-942b-9f71bf3aecd2', '562408000007', 1, 'CH2', '2024-11-13 21:19:06'),
       ('774e97db-d2e6-4005-affe-c7284a342809', '562408000003', 1, 'CH2', '2024-11-20 18:57:20'),
       ('77d537d4-60b2-4045-8940-442ce37b14de', '562408000003', 3, 'CH2', '2024-11-18 22:41:12'),
       ('7848abf8-8122-4a0c-83fa-7baa1f5d5a7c', '562408000003', 9, 'CH2', '2024-11-18 23:35:54'),
       ('78cd36d8-30fa-444d-b410-e7fe0ce1f7fc', '562408000003', 6, 'CH2', '2024-11-20 23:48:09'),
       ('78e17882-b259-4cf5-9796-9374147efd44', '562408000007', 1, 'CH2', '2024-11-12 01:12:13'),
       ('78fd4156-572e-4b58-83f7-d0c890cae9fc', '562408000007', 2, 'CH2', '2024-11-13 20:36:40'),
       ('79186a4a-5529-4aac-8889-b4cda9c44046', '562408000007', 1, 'CH2', '2024-11-11 23:58:43'),
       ('791f67b3-9aa0-45c4-8373-d7e785097fd3', '562408000003', 5, 'CH2', '2024-11-20 18:17:32'),
       ('794039f4-ac91-489a-bfe1-47555fc2af27', '562408000003', 1, 'CH2', '2024-11-20 18:00:29'),
       ('79605025-6887-42aa-a0fa-44ca8e5d9b4c', '562408000003', 3, 'CH2', '2024-11-20 22:34:44'),
       ('79b4baa0-9d88-4166-8a67-4490cc4f96b4', '562408000003', 1, 'CH2', '2024-11-21 00:04:00'),
       ('7a76973a-e1ed-474e-8d33-4d1ed6671a17', '562408000007', 1, 'CH2', '2024-11-13 20:43:49'),
       ('7ad3a533-3a6c-454e-b08b-22f804aed43e', '562408000003', 3, 'CH2', '2024-11-20 23:12:32'),
       ('7aef584b-9b4b-4350-862a-a7469251a3b4', '562408000003', 1, 'CH2', '2024-11-21 07:49:39'),
       ('7b2aadf4-6e99-430d-baaa-45a906ca6c6a', '562408000003', 1, 'CH2', '2024-11-20 23:00:26'),
       ('7b637df3-9df3-495a-be82-322aea2534bf', '562408000003', 1, 'CH1', '2024-11-23 01:26:07'),
       ('7b830719-b1ae-4048-93b3-0dfe2ad8b216', '562408000003', 3, 'CH2', '2024-11-20 22:49:18'),
       ('7b8be9e6-aa67-4d58-b682-e422f040b45f', '562408000003', 2, 'CH2', '2024-11-20 18:38:07'),
       ('7bc811f9-91f6-4741-8ef0-b10df438e8a3', '562408000003', 1, 'CH1', '2024-11-23 01:45:40'),
       ('7c3f5648-a579-42bb-bd35-ac162da377cb', '562408000007', 1, 'CH2', '2024-11-11 23:56:50'),
       ('7c87f605-ff72-4468-a094-afbb52556199', '562408000003', 2, 'CH2', '2024-11-20 19:03:43'),
       ('7cdbbd1c-1d16-4573-aedf-0f185702842a', '562408000007', 1, 'CH2', '2024-11-13 21:20:37'),
       ('7cdc4fad-bfd9-4c6a-ae36-7d1c69aec89c', '562408000003', 3, 'CH2', '2024-11-20 22:09:52'),
       ('7d49ddbf-27ee-4767-8d5d-158c45b1ec6e', '562408000003', 2, 'CH2', '2024-11-20 23:35:54'),
       ('7d4c0765-1936-4059-b314-08a6c554bc63', '562408000007', 4, 'CH2', '2024-11-12 00:10:05'),
       ('7d8229d7-2a13-4ba5-b918-7cf7558d20b6', '562408000003', 4, 'CH2', '2024-11-18 22:57:56'),
       ('7d8ae691-1ec8-44f8-ac0d-aba191c27195', '562408000003', 2, 'CH2', '2024-11-20 19:39:44'),
       ('7d937174-5c71-47e9-abcb-04c036f00ca0', '562408000003', 2, 'CH2', '2024-11-20 22:35:14'),
       ('7dbaec07-1876-4275-af05-797c8a8ce067', '562408000003', 1, 'CH2', '2024-11-19 00:59:49'),
       ('7dc9f502-9a40-43d7-bc50-ebd8ab284cd4', '562408000007', 2, 'CH2', '2024-11-15 02:22:45'),
       ('7de85407-4c3a-42ef-a925-251f972274cd', '562408000007', 2, 'CH2', '2024-11-13 19:52:07'),
       ('7e2ece45-ee3b-4e8c-924e-6fb1f3165bbb', '562408000003', 1, 'CH2', '2024-11-19 03:12:02'),
       ('7e6227e5-8812-46a2-baa1-28598b8ddfba', '562408000003', 6, 'CH2', '2024-11-20 18:11:59'),
       ('7ec55faf-21c4-4259-b9e5-b5d445523069', '562408000003', 1, 'CH2', '2024-11-19 01:30:54'),
       ('7ee2786d-ae17-4c9c-8fc9-881b179b0ae1', '562408000003', 1, 'CH2', '2024-11-19 01:18:05'),
       ('7ef7a66f-bf28-459e-87f9-97f992022836', '562408000003', 4, 'CH2', '2024-11-20 18:41:07'),
       ('7f1fe612-212a-4638-a764-bf528b0029a1', '562408000003', 1, 'CH2', '2024-11-18 23:11:08'),
       ('7f406ddf-5e42-4b73-825e-7e0a285996f5', '562408000007', 1, 'CH2', '2024-11-12 00:42:29'),
       ('801fa1f4-0a94-4bad-b608-3c9826a6abca', '562408000003', 3, 'CH2', '2024-11-18 23:45:17'),
       ('803d1867-284b-429d-bb9d-a9b79f2932fe', '562408000003', 1, 'CH2', '2024-11-20 23:01:21'),
       ('8046a1f6-13a9-4629-8b7f-e57d5a2c96e6', '562408000007', 1, 'CH2', '2024-11-12 00:50:52'),
       ('80793776-604d-44b3-8982-c12542c7e0f4', '562408000007', 1, 'CH2', '2024-11-12 00:13:03'),
       ('80b1febc-fda2-45bf-bc41-04b9b5d5d56d', '562408000003', 4, 'CH2', '2024-11-20 18:33:37'),
       ('816373ce-546c-44b6-bfc5-4476a6201d12', '562408000003', 1, 'CH2', '2024-11-19 03:10:36'),
       ('818b5b82-2f5d-459f-b3c5-1b52af26d726', '562408000003', 1, 'CH2', '2024-11-20 19:04:20'),
       ('82742f17-cc97-4491-83e5-bb1a62e7293c', '562408000007', 1, 'CH2', '2024-11-13 20:14:30'),
       ('82adcd64-dd63-4bc2-a532-559f24e829a5', '562408000003', 1, 'CH2', '2024-11-21 00:31:17'),
       ('82cfc64a-7d86-4cc7-8fa6-8521a9371805', '562408000003', 1, 'CH2', '2024-11-20 22:00:15'),
       ('83041bd7-7c89-4ab0-9923-2e420b16dda5', '562408000003', 1, 'CH2', '2024-11-19 01:01:59'),
       ('832c7d50-31bd-427a-8a8a-ffdb3b86564c', '562408000003', 1, 'CH2', '2024-11-20 19:13:54'),
       ('835cd8f8-362c-4ea3-a6cf-bb1bd0d2e124', '562408000003', 1, 'CH2', '2024-11-20 23:32:54'),
       ('841c2f1f-4ae6-4ac2-ab8a-51170c1d1588', '562408000003', 3, 'CH2', '2024-11-20 18:34:37'),
       ('84624783-f176-4a4c-84c4-f91416ee448d', '562408000003', 4, 'CH2', '2024-11-18 23:46:39'),
       ('84b3639c-2bc5-487a-812c-5bb1a61f5172', '562408000007', 1, 'CH2', '2024-11-13 19:14:11'),
       ('84c20e06-2174-42cc-89d9-4e7699fb19d0', '562408000007', 1, 'CH2', '2024-11-13 20:26:52'),
       ('85650d7f-a851-4923-a1ea-8fa3b5ffd86b', '562408000007', 4, 'CH2', '2024-11-13 20:34:10'),
       ('85754bee-b62f-4cdf-869d-4703de2c54f2', '562408000003', 2, 'CH1', '2024-11-23 01:17:13'),
       ('8635cd07-98ff-48d5-a3e9-32d514e4bd5e', '562408000007', 1, 'CH2', '2024-11-12 00:46:01'),
       ('86ce0b36-4597-4e6f-97bc-f2889c4d22d6', '562408000007', 1, 'CH2', '2024-11-13 19:14:41'),
       ('87154554-ae24-4ce1-8b72-ab15c7c1ee38', '562408000003', 1, 'CH2', '2024-11-20 19:15:28'),
       ('871faa63-6d02-4799-9b34-b17b81225939', '562408000003', 8, 'CH2', '2024-11-20 18:39:07'),
       ('8740c472-53a9-44ea-90b3-82045459366c', '562408000003', 1, 'CH2', '2024-11-20 23:01:51'),
       ('8756487b-3a04-41c1-a9b1-4fb4ed50a498', '562408000007', 4, 'CH2', '2024-11-13 18:57:08'),
       ('875b6556-9f35-41cc-9aa2-f4faabeb2b59', '562408000003', 2, 'CH2', '2024-11-21 00:03:30'),
       ('875b683c-0b0b-4000-a74c-61a409e806b7', '562408000007', 2, 'CH2', '2024-11-13 21:22:46'),
       ('87d3c89b-ea10-474f-a779-6e49e1ff3ec8', '562408000003', 2, 'CH2', '2024-11-20 19:00:25'),
       ('87e9604e-15d5-4555-a988-329cf48c6c57', '562408000007', 3, 'CH2', '2024-11-13 19:32:02'),
       ('8802cdb3-1267-4cdf-a473-67aa69e53d2a', '562408000003', 3, 'CH2', '2024-11-20 21:49:04'),
       ('883e1a1a-9b78-447e-a4cf-a3895cc4a2c2', '562408000003', 7, 'CH2', '2024-11-20 18:28:29'),
       ('88791867-f157-4877-86ff-aec9584a6913', '562408000003', 1, 'CH2', '2024-11-20 18:07:29'),
       ('88b004e7-7e03-4e84-97e2-5813a7970e90', '562408000003', 1, 'CH2', '2024-11-19 01:13:41'),
       ('88c38150-6ea9-4bd3-8aa1-0108ce92c66a', '562408000003', 7, 'CH2', '2024-11-20 18:38:37'),
       ('89401281-94f5-4a99-8a32-33e84da34670', '562408000003', 1, 'CH2', '2024-11-21 08:15:19'),
       ('89478422-d7db-4940-8e08-8bd7f7df953c', '562408000003', 2, 'CH2', '2024-11-20 23:14:56'),
       ('89b3db2d-0642-44ff-8300-d090a33746dc', '562408000003', 1, 'CH2', '2024-11-19 01:06:44'),
       ('8a204fa3-b425-42b4-82f4-9290a6cdc852', '562408000003', 4, 'CH2', '2024-11-18 22:49:22'),
       ('8a4f7bad-fb3c-44fc-ac60-f98ee41fce55', '562408000007', 1, 'CH2', '2024-11-12 00:36:14'),
       ('8a615cfa-b782-4c69-b419-642c109f4c8f', '562408000003', 1, 'CH2', '2024-11-20 23:03:44'),
       ('8a72e09f-afa4-4be0-8919-2e195074f6cb', '562408000007', 2, 'CH2', '2024-11-13 18:58:52'),
       ('8a85bab8-f331-4a79-9aa3-d9db564e4295', '562408000003', 1, 'CH2', '2024-11-21 01:16:32'),
       ('8aa08f40-727d-4a3a-be41-826fe93400c1', '562408000003', 1, 'CH2', '2024-11-20 19:25:20'),
       ('8abb4d44-ab6e-407e-aaad-a33871a07a53', '562408000003', 1, 'CH2', '2024-11-20 18:43:37'),
       ('8aec59d4-03f7-42c8-853d-3767c58633e9', '562408000007', 3, 'CH2', '2024-11-13 20:27:52'),
       ('8afcb50e-a7a2-46ef-b777-b460a6b9bba7', '562408000003', 1, 'CH2', '2024-11-18 22:47:13'),
       ('8b1b57a7-d816-4bbb-88ab-c74ae28d398c', '562408000003', 1, 'CH2', '2024-11-19 01:00:19'),
       ('8b2a7a3e-f9ad-44e8-9455-c0409bdb16b7', '562408000003', 2, 'CH2', '2024-11-20 19:12:14'),
       ('8b31a541-3800-4666-b7f7-073538312811', '562408000003', 1, 'CH2', '2024-11-20 18:02:29'),
       ('8bbaa674-3342-423c-b98a-6d5718471489', '562408000003', 3, 'CH2', '2024-11-18 23:41:12'),
       ('8c30d4f2-6d01-4f59-8746-122440cbc32e', '562408000003', 1, 'CH2', '2024-11-21 01:16:02'),
       ('8c3cea83-6bce-42fb-849c-0f2ef4ee4325', '562408000003', 1, 'CH2', '2024-11-18 23:02:27'),
       ('8c775bfa-ec29-49dd-87c1-d707fb171d49', '562408000007', 1, 'CH2', '2024-11-12 00:17:24'),
       ('8ca42cf1-9164-41dd-8ddf-9d8734b46f89', '562408000003', 1, 'CH2', '2024-11-20 21:44:37'),
       ('8cb134ff-3a3f-42f0-8fc1-4abaecee1fd8', '562408000003', 1, 'CH2', '2024-11-20 23:13:56'),
       ('8d585f4c-88b1-48fa-9150-25c806dccf56', '562408000003', 1, 'CH2', '2024-11-21 00:10:17'),
       ('8d61f4f3-29be-4746-a5e1-5ed85d5dc08d', '562408000003', 1, 'CH2', '2024-11-20 23:31:50'),
       ('8d64271c-1ec1-4dcf-a2cf-4af2cf02d7cb', '562408000003', 2, 'CH2', '2024-11-21 02:11:29'),
       ('8da59008-98c0-44cb-9e1b-0c9b5ccd69ab', '562408000003', 1, 'CH2', '2024-11-20 18:08:14'),
       ('8de5a9df-e162-4fcf-aa08-542fc9326fea', '562408000003', 2, 'CH2', '2024-11-20 18:21:16'),
       ('8e3a5bff-de45-4079-bb43-5848c0d5deeb', '562408000003', 1, 'CH2', '2024-11-20 23:04:14'),
       ('8ea67e7f-e1b6-4e22-af87-8ee1b52bd8c6', '562408000003', 1, 'CH2', '2024-11-20 21:55:50'),
       ('8eb3742d-2546-4081-9c05-71f94be27e7e', '562408000007', 1, 'CH2', '2024-11-13 19:48:40'),
       ('8f67896f-e601-4de6-ae4d-88794c35b5f4', '562408000003', 1, 'CH2', '2024-11-20 21:45:52'),
       ('8f825167-926f-4bf2-b880-a918d1b364a8', '562408000003', 1, 'CH2', '2024-11-20 21:55:20'),
       ('8f84db06-3bc1-4226-9aa1-27d59f748e1b', '562408000007', 1, 'CH2', '2024-11-11 23:59:13'),
       ('8faeaf57-7584-40dd-996b-e832d155328e', '562408000003', 5, 'CH2', '2024-11-20 18:29:29'),
       ('8fefdd7a-f3b0-411a-8cc5-fffa4160e0dc', '562408000003', 6, 'CH2', '2024-11-18 23:31:23'),
       ('909f6e88-795c-4a34-9b8e-b74a367de71f', '562408000003', 1, 'CH2', '2024-11-20 19:25:50'),
       ('90ec3a07-bc54-44df-bd08-026009f5b539', '562408000003', 1, 'CH2', '2024-11-21 09:05:56'),
       ('91459685-6414-49bb-a343-9724eb29209b', '562408000003', 1, 'CH2', '2024-11-21 09:07:34'),
       ('91e50ddd-ea2b-4c0a-887a-08deb0603535', '562408000007', 3, 'CH2', '2024-11-12 00:04:41'),
       ('91f438ff-d4b9-4bc4-ae4a-8d36bc1f3595', '562408000003', 1, 'CH2', '2024-11-20 19:18:19'),
       ('92263c60-1e80-4cf1-9abb-68181aa3212b', '562408000003', 1, 'CH2', '2024-11-19 01:43:39'),
       ('92389a4e-8637-47b0-b78d-ee2ca917091f', '562408000003', 3, 'CH2', '2024-11-20 18:12:29'),
       ('92756c77-e18f-423d-896c-c0cfa1752dd2', '562408000003', 2, 'CH2', '2024-11-18 23:46:09'),
       ('9278e722-945b-40be-bafe-0fae701c497a', '562408000007', 3, 'CH2', '2024-11-13 20:19:25'),
       ('9286ae62-5326-43c5-b494-a66ed7064712', '562408000003', 1, 'CH2', '2024-11-19 01:28:48'),
       ('92c53158-a680-430f-8009-bc4616b7694c', '562408000007', 3, 'CH2', '2024-11-13 20:13:13'),
       ('92d0e99d-351e-4b1a-9853-df59854fafc4', '562408000003', 1, 'CH2', '2024-11-18 22:50:52'),
       ('930a6f18-6b69-47be-9ef5-c139d43509cf', '562408000003', 1, 'CH2', '2024-11-18 23:16:29'),
       ('931b6173-328e-4fb3-8933-1cc025bc607c', '562408000007', 3, 'CH2', '2024-11-13 19:52:37'),
       ('9341f4e1-88e3-46ad-aa86-8549b55e2117', '562408000003', 1, 'CH2', '2024-11-18 22:59:01'),
       ('934e2aa9-d9f4-4121-b6e4-545cd7a0a870', '562408000007', 1, 'CH2', '2024-11-13 19:31:32'),
       ('9359289f-5196-480b-be88-ccd2c13189d8', '562408000003', 1, 'CH2', '2024-11-18 22:48:52'),
       ('944ff61f-59a5-4424-9cd3-a967b4308669', '562408000003', 1, 'CH1', '2024-11-23 01:02:47'),
       ('949a3573-4108-4a73-b29e-e2ca9042f879', '562408000007', 2, 'CH2', '2024-11-12 00:11:35'),
       ('94f1e679-447e-45b5-ad4b-a5c66c667115', '562408000007', 1, 'CH2', '2024-11-13 19:31:02'),
       ('9596167b-93c6-480e-964e-d8568c3d3e20', '562408000003', 1, 'CH2', '2024-11-20 18:04:29'),
       ('9674eec5-b69a-407a-ab98-3fdca01c34bc', '562408000007', 1, 'CH2', '2024-11-13 20:09:56'),
       ('96ebad7e-804c-4648-a9b8-f2f46614ca49', '562408000003', 1, 'CH2', '2024-11-20 23:23:18'),
       ('96fd5b5b-e567-4db9-bc29-577c22ded245', '562408000003', 1, 'CH2', '2024-11-20 22:26:49'),
       ('970f5554-223c-46d7-bd92-fe9f5a5a3ded', '562408000003', 1, 'CH2', '2024-11-19 01:19:35'),
       ('97348976-4879-4691-9c0b-955ea214915b', '562408000003', 1, 'CH2', '2024-11-18 22:45:43'),
       ('973cdd91-e032-49c7-9713-50439f0ab387', '562408000007', 1, 'CH2', '2024-11-12 03:16:09'),
       ('97449e55-1497-449f-8c42-587b9fff9a32', '562408000003', 3, 'CH2', '2024-11-20 22:33:44'),
       ('975792e8-40c6-4b1f-be02-09918790eba5', '562408000003', 2, 'CH2', '2024-11-20 18:58:50');
INSERT INTO `myapp_count` (`id`, `device_id`, `quantity`, `camera_id`, `date`)
VALUES ('97681778-4131-4c94-941c-cdaabca83830', '562408000003', 1, 'CH2', '2024-11-20 22:01:15'),
       ('98d19656-ab8f-4f4a-b037-02ecf05b1c69', '562408000003', 1, 'CH2', '2024-11-20 19:20:44'),
       ('98f2af5c-db72-4fe7-9539-3fae5f527007', '562408000003', 1, 'CH2', '2024-11-21 00:37:14'),
       ('996106e1-6ad7-40ad-ad43-436e282c5c1e', '562408000003', 4, 'CH2', '2024-11-20 21:43:18'),
       ('996233df-bba5-49e8-a6bf-52a36789fcbf', '562408000003', 12, 'CH2', '2024-11-20 18:39:37'),
       ('99802730-243e-45ff-8b5e-15799aaf5e1a', '562408000003', 1, 'CH2', '2024-11-20 22:48:48'),
       ('99f55253-9d8b-426d-ab44-de3ad96dc18e', '562408000003', 3, 'CH2', '2024-11-20 18:29:59'),
       ('9a1f5d7d-ef9f-4a9c-937f-9874b12f7cce', '562408000007', 1, 'CH2', '2024-11-13 20:05:41'),
       ('9a452b21-9b95-4120-836f-63cac6074bc6', '562408000003', 1, 'CH2', '2024-11-19 02:30:47'),
       ('9b16726e-2eb9-434a-b0df-a1305921251b', '562408000007', 1, 'CH2', '2024-11-12 00:29:22'),
       ('9b8c36c8-cf09-4c4a-8363-451e67897ea8', '562408000003', 1, 'CH2', '2024-11-21 00:30:17'),
       ('9c1e7445-a829-4d87-97f1-01f055b15f14', '562408000003', 1, 'CH2', '2024-11-20 22:55:07'),
       ('9c80a12f-9087-4108-a688-cc7fa73720f2', '562408000003', 1, 'CH2', '2024-11-20 17:55:35'),
       ('9cc37066-0e8b-4093-9e4a-277256088ff8', '562408000007', 1, 'CH2', '2024-11-13 20:04:05'),
       ('9d33175c-fbc0-4196-98f7-29c11b40f065', '562408000003', 3, 'CH2', '2024-11-20 23:20:57'),
       ('9d69d807-768a-4f5c-a67b-231c6b8b763e', '562408000003', 1, 'CH2', '2024-11-20 17:57:05'),
       ('9da581c2-985f-40c6-9244-92eb5f696126', '562408000003', 1, 'CH2', '2024-11-19 01:14:55'),
       ('9e970550-e8a9-4383-bac3-e9f727f306da', '562408000003', 3, 'CH2', '2024-11-21 02:29:45'),
       ('9eb64196-2dc3-4b91-8589-6bfe0e4c203d', '562408000007', 1, 'CH2', '2024-11-12 00:41:29'),
       ('9efd0d90-3e5f-4429-a23d-f97bc4d9c101', '562408000003', 2, 'CH2', '2024-11-18 23:30:53'),
       ('9f2cb74e-36b6-4fea-8977-924c4be9efed', '562408000003', 9, 'CH2', '2024-11-20 18:27:59'),
       ('9f5cc3e4-409f-4735-8129-30c942501c03', '562408000007', 1, 'CH2', '2024-11-13 19:58:17'),
       ('9f77e5d4-ccbe-4ed0-a207-8bf7a384107e', '562408000003', 1, 'CH2', '2024-11-20 23:46:03'),
       ('9fa563b5-e7b2-4cdf-84ae-075e7ccda5ea', '562408000007', 5, 'CH2', '2024-11-13 20:39:41'),
       ('a04483e4-ea89-400e-98df-d56ba05fdd82', '562408000003', 1, 'CH2', '2024-11-20 18:01:59'),
       ('a057d147-44d1-46ef-9fb7-fafa2ef18702', '562408000003', 1, 'CH2', '2024-11-19 01:29:23'),
       ('a0b45b84-f70b-46d5-82c8-028f6b49698f', '562408000003', 1, 'CH2', '2024-11-20 23:11:32'),
       ('a1ae623f-9710-4c66-8c2d-eeb8e2960d00', '562408000007', 1, 'CH2', '2024-11-13 21:24:19'),
       ('a208252c-d73c-4bf6-a6a5-03cd5efaf326', '562408000007', 1, 'CH2', '2024-11-13 18:54:38'),
       ('a2153868-2f6d-4804-bd16-5fff925af52d', '562408000007', 2, 'CH2', '2024-11-13 19:47:03'),
       ('a24e1814-d274-46a5-9836-12bcbc740f7c', '562408000007', 3, 'CH2', '2024-11-12 01:04:28'),
       ('a29027f5-db84-4b9f-9f4c-26c1935934eb', '562408000003', 2, 'CH2', '2024-11-20 23:19:57'),
       ('a2c2e83b-d923-4c12-aaff-222651609c3b', '562408000003', 1, 'CH1', '2024-11-23 01:00:09'),
       ('a2d34050-444a-4590-9f64-9ec012312c98', '562408000003', 2, 'CH2', '2024-11-20 19:21:14'),
       ('a33770da-179d-49d7-8411-d0c7681c69a8', '562408000003', 1, 'CH2', '2024-11-19 02:45:54'),
       ('a3820241-15be-4295-821a-a29971f60ba4', '562408000003', 1, 'CH2', '2024-11-19 01:42:39'),
       ('a428b342-9f98-459e-817b-704ce388f598', '562408000007', 2, 'CH2', '2024-11-12 00:18:41'),
       ('a449b1c1-54e5-4019-8362-a145d2429e5d', '562408000003', 1, 'CH2', '2024-11-19 01:44:09'),
       ('a45aefc5-fa2f-44ca-9901-7e3cd25813b5', '562408000007', 1, 'CH2', '2024-11-11 23:51:47'),
       ('a48a3a71-9411-4f6e-857f-5a67e242885b', '562408000003', 5, 'CH2', '2024-11-20 18:22:47'),
       ('a494fb3c-2cee-4d4c-81d2-dfb2390a27be', '562408000003', 3, 'CH2', '2024-11-18 22:56:56'),
       ('a5134750-a334-4f35-b85f-d29a92e0640a', '562408000007', 1, 'CH2', '2024-11-13 20:07:26'),
       ('a5419d98-5160-40e1-8d12-4b73284bd508', '562408000003', 1, 'CH2', '2024-11-20 18:56:50'),
       ('a546afb1-f228-4b10-bdee-8594cfc439d5', '562408000003', 1, 'CH2', '2024-11-21 00:17:04'),
       ('a55c0b78-0c1e-455d-8a63-90af277972e7', '562408000003', 1, 'CH2', '2024-11-20 18:10:23'),
       ('a583edcd-bfa8-4183-bafc-602de2c45aa6', '562408000007', 1, 'CH2', '2024-11-15 02:10:23'),
       ('a65d5a65-b6cb-4097-93c0-3652bb1ee224', '562408000003', 2, 'CH2', '2024-11-20 18:52:20'),
       ('a702256c-60d5-461a-8f17-592a4a460f33', '562408000003', 1, 'CH2', '2024-11-19 01:27:06'),
       ('a70a36e2-f033-4bcc-b2a4-fe62a8f385f3', '562408000007', 2, 'CH2', '2024-11-12 01:13:17'),
       ('a74b5527-1880-4c80-a540-b31045a1e075', '562408000003', 4, 'CH2', '2024-11-20 21:47:22'),
       ('a79d7069-7d7a-4e52-b229-cc8dd4aec1a2', '562408000003', 3, 'CH2', '2024-11-20 23:21:57'),
       ('a7e45b54-5e97-4c52-9ac2-2fd9cf12e314', '562408000003', 4, 'CH2', '2024-11-20 18:57:50'),
       ('a8132c4e-834f-4cee-a90e-d5373ee1cb8c', '562408000007', 1, 'CH2', '2024-11-13 20:42:11'),
       ('a8164fae-6a2d-4bd8-9994-eec3b3604d96', '562408000003', 3, 'CH2', '2024-11-18 23:25:53'),
       ('a868bee5-e792-4ef6-b14b-6ce1f65a2dd4', '562408000003', 2, 'CH2', '2024-11-18 22:40:42'),
       ('a8b87803-971e-42f3-ac97-8adf85531587', '562408000003', 1, 'CH2', '2024-11-18 23:09:38'),
       ('a8c05c1a-1d21-47cf-bab0-a58e03d782ff', '562408000007', 2, 'CH2', '2024-11-13 19:01:22'),
       ('a92ddacb-822e-4091-8abf-c395950830da', '562408000003', 1, 'CH2', '2024-11-19 01:40:39'),
       ('a96893c7-2628-4df8-8f89-08b758caa6db', '562408000003', 1, 'CH2', '2024-11-19 01:25:06'),
       ('aa49a5c3-39b1-4362-ab12-6bd9196028df', '562408000003', 3, 'CH2', '2024-11-18 23:22:53'),
       ('aaa1eb59-359c-48db-878f-776126ca992b', '562408000003', 1, 'CH2', '2024-11-20 23:27:32'),
       ('ab48514e-5b95-4609-8bc1-37cb03334222', '562408000003', 1, 'CH2', '2024-11-20 22:41:06'),
       ('ab9a7667-4a75-4411-aa35-6f2926f77639', '562408000003', 1, 'CH2', '2024-11-20 22:18:57'),
       ('ac0e7fd5-6de2-4437-a476-8e767c81384a', '562408000003', 1, 'CH2', '2024-11-18 23:07:09'),
       ('ac49fe1b-05ad-4a20-8978-78e653b43520', '562408000007', 1, 'CH2', '2024-11-13 20:41:40'),
       ('ac522a41-b7eb-4cbc-87c0-bcfaee69f54b', '562408000003', 1, 'CH2', '2024-11-20 22:02:22'),
       ('ac5bd0e9-5af3-4a8a-93f8-f613d6dd6fd1', '562408000007', 1, 'CH2', '2024-11-13 19:26:02'),
       ('ac6f560d-abe9-4db6-989d-b4e0447e898a', '562408000003', 1, 'CH2', '2024-11-18 22:52:22'),
       ('acb90aa1-c172-44b8-a235-ae60ea79c241', '562408000003', 5, 'CH2', '2024-11-20 18:32:37'),
       ('acba68dd-2d80-499b-b7a7-2a5622649951', '562408000003', 1, 'CH2', '2024-11-20 23:16:35'),
       ('ad150892-16c6-460a-b46c-4548bc21a171', '562408000003', 1, 'CH2', '2024-11-19 01:16:25'),
       ('ada543c9-7aa1-4e0f-b890-fc3dc54ef99b', '562408000003', 1, 'CH2', '2024-11-21 02:32:34'),
       ('ae2d76fa-9c5e-4bbf-aea7-f97c57e32243', '562408000007', 1, 'CH2', '2024-11-12 00:03:08'),
       ('ae976938-40a4-4de1-b549-cac36db19ab6', '562408000003', 1, 'CH2', '2024-11-20 22:23:57'),
       ('af0fac81-218d-41b2-a1ea-bbbf806fab44', '562408000003', 3, 'CH2', '2024-11-20 22:32:44'),
       ('af2e1245-39f7-471e-a0a1-28e8858d04f0', '562408000003', 1, 'CH2', '2024-11-20 19:22:14'),
       ('af6f2ca8-3f03-468c-b7fa-c3dc109dc099', '562408000003', 1, 'CH2', '2024-11-21 00:05:00'),
       ('afae4b57-123c-4676-9482-f22f0e4368ce', '562408000003', 1, 'CH2', '2024-11-19 01:26:36'),
       ('aff33290-52fd-4989-88ab-e53eb5a2f56c', '562408000003', 2, 'CH2', '2024-11-20 23:33:54'),
       ('b0030343-a1c2-4014-adf8-7298f2ae2b7d', '562408000007', 1, 'CH2', '2024-11-12 03:16:39'),
       ('b059efce-df79-4141-bf26-9caf2a3688cf', '562408000007', 1, 'CH2', '2024-11-13 20:10:26'),
       ('b05be663-1bf7-4f28-9ee5-1750d6b98f56', '562408000007', 2, 'CH2', '2024-11-13 19:13:41'),
       ('b0b1080c-e707-4924-a338-52ec4f812eba', '562408000003', 1, 'CH2', '2024-11-20 19:03:13'),
       ('b0dd2cf5-b502-4ad8-8ef8-db42d3213931', '562408000003', 2, 'CH2', '2024-11-19 00:59:19'),
       ('b1444a86-7a5a-439c-89e3-97b0f34556d2', '562408000003', 1, 'CH2', '2024-11-20 19:14:58'),
       ('b187df67-6f54-45b9-a2af-4c5c8a240b9c', '562408000003', 1, 'CH2', '2024-11-20 18:09:23'),
       ('b1af601d-2582-468a-9f7c-9094341c1961', '562408000003', 1, 'CH2', '2024-11-21 08:06:26'),
       ('b1b4935e-d6e6-4615-a988-22255d3e3a7a', '562408000007', 2, 'CH2', '2024-11-13 20:08:56'),
       ('b20e21cb-c0fb-4a1f-8470-3685183ce2f5', '562408000003', 2, 'CH1', '2024-11-23 01:09:31'),
       ('b2b9657a-44d3-4915-9c96-24beff051c08', '562408000003', 1, 'CH2', '2024-11-20 19:00:56'),
       ('b2fe67e2-d113-4bf7-a7b7-63f9c6e6c958', '562408000003', 1, 'CH2', '2024-11-20 23:11:02'),
       ('b3696f5d-ae2f-42fd-bd41-a4da38122b92', '562408000003', 1, 'CH2', '2024-11-21 01:57:52'),
       ('b3c62e35-4920-4aee-9db7-07c29b16fd47', '562408000007', 1, 'CH2', '2024-11-12 00:08:21'),
       ('b40e1b4a-f8d7-4c34-9d5a-5b153f52467c', '562408000007', 2, 'CH2', '2024-11-13 20:02:47'),
       ('b426152b-3342-4375-8d68-c8f5f74c1760', '562408000007', 1, 'CH2', '2024-11-13 20:30:40'),
       ('b461e884-359f-4817-8e70-b2f3df46f33f', '562408000003', 1, 'CH2', '2024-11-19 01:35:56'),
       ('b48b223f-28ae-4d13-b201-f3803d5de25f', '562408000007', 3, 'CH2', '2024-11-13 20:19:55'),
       ('b4c4a29a-b6ac-4a2e-889e-efcbe779546e', '562408000003', 2, 'CH2', '2024-11-21 00:18:35'),
       ('b4f3ee09-c1b0-4836-ad47-084f8d286e11', '562408000003', 1, 'CH2', '2024-11-19 01:45:00'),
       ('b5194abb-1ba2-4ad2-85f7-0e0729782488', '562408000003', 1, 'CH2', '2024-11-20 19:23:20'),
       ('b562b7ad-610f-4e20-894a-a7af3519b854', '562408000007', 3, 'CH2', '2024-11-13 20:31:40'),
       ('b5a5a54c-400b-4db7-9dba-fae1578ea316', '562408000003', 1, 'CH2', '2024-11-20 17:56:05'),
       ('b5c7eab8-663a-4076-beb3-a067cb3820a6', '562408000003', 1, 'CH2', '2024-11-20 23:07:27'),
       ('b6003de0-2aa6-4afd-bcc4-828c013e0db2', '562408000007', 2, 'CH2', '2024-11-13 19:00:52'),
       ('b6749e54-6383-4fd5-8d15-6bf3926753f1', '562408000007', 2, 'CH2', '2024-11-13 20:35:40'),
       ('b68de401-2ef8-4092-b7b4-e666649e09e7', '562408000003', 1, 'CH2', '2024-11-20 18:13:29'),
       ('b6bb1bc3-04ad-487e-b125-5def547044df', '562408000003', 5, 'CH2', '2024-11-20 18:34:07'),
       ('b6f7c7d8-ce45-4553-ab8a-e9d3b66aba28', '562408000003', 2, 'CH2', '2024-11-18 23:02:57'),
       ('b711bba7-54ec-4968-a674-ee0df78a3a43', '562408000003', 1, 'CH2', '2024-11-20 22:15:44'),
       ('b71ab9f8-a239-48c9-aa0f-a927969ffbd6', '562408000003', 5, 'CH2', '2024-11-18 23:21:23'),
       ('b7273a1b-d02b-45c4-805d-1b938c76085f', '562408000003', 1, 'CH2', '2024-11-18 23:00:24'),
       ('b796b376-04f7-4e17-aa23-0f71e7854b7e', '562408000003', 4, 'CH2', '2024-11-18 23:15:29'),
       ('b84dad9a-8026-42bb-a2ae-821944d109be', '562408000007', 1, 'CH2', '2024-11-13 21:23:19'),
       ('b86d7874-b22d-465a-ac30-a2b6a2f647e6', '562408000007', 1, 'CH2', '2024-11-13 19:57:31'),
       ('b88d7910-9a87-42e7-ae96-151fdd6d6907', '562408000003', 4, 'CH2', '2024-11-20 22:27:49'),
       ('b930015b-47d9-492a-baad-0943b9319520', '562408000003', 2, 'CH2', '2024-11-20 18:56:02'),
       ('b9460638-d8c3-47dc-942d-3c4248553d38', '562408000003', 1, 'CH1', '2024-11-23 01:39:15'),
       ('b958f641-c47d-4d17-b4c5-ce254e8df052', '562408000003', 1, 'CH2', '2024-11-18 22:48:13'),
       ('b9b0e5bd-9a4e-475f-9f05-af36bff139e6', '562408000007', 1, 'CH2', '2024-11-13 20:01:47'),
       ('ba0e0e2d-803e-419e-a272-742e91bb2661', '562408000007', 5, 'CH2', '2024-11-13 19:28:02'),
       ('ba2a6041-3eee-4a6f-b3de-a43dd78c23b3', '562408000003', 2, 'CH2', '2024-11-18 23:14:29'),
       ('bb1ca653-e497-415c-a250-0f09cda0b7ba', '562408000003', 2, 'CH2', '2024-11-20 22:22:37'),
       ('bb6fe915-d6fa-4fd1-a92b-48a7aef7ba96', '562408000003', 1, 'CH2', '2024-11-19 03:00:13'),
       ('bbbd73d3-0246-451b-8e88-7d14dd29a219', '562408000003', 1, 'CH2', '2024-11-20 21:50:23'),
       ('bbf238c7-451f-4e94-ab49-bf4e3e2b0b12', '562408000003', 1, 'CH2', '2024-11-21 09:02:38'),
       ('bbf70d4a-4895-400a-9559-cd964883ab36', '562408000003', 2, 'CH2', '2024-11-20 22:55:37'),
       ('bbf8b08e-35fb-47ef-926b-f8a76f114e1e', '562408000007', 1, 'CH2', '2024-11-13 19:02:27'),
       ('bc193fd3-cf51-4eb1-a86d-998e2d2b773e', '562408000007', 2, 'CH2', '2024-11-13 20:27:22'),
       ('bc2920f2-5b14-4803-a6d6-dc843e42d969', '562408000007', 1, 'CH2', '2024-11-12 00:10:35'),
       ('bc46113c-de3e-4e2f-acf1-20aa64eddf8b', '562408000003', 1, 'CH2', '2024-11-19 02:54:20'),
       ('bc8556fb-62fa-4532-900a-bab3a043cabb', '562408000003', 1, 'CH2', '2024-11-21 08:03:39'),
       ('bcaa6ce1-df1a-45f1-8039-5dd7afa959bf', '562408000007', 2, 'CH2', '2024-11-12 00:17:54'),
       ('bcb5378f-408c-45bb-b6ec-2f0dd9c6d628', '562408000003', 5, 'CH2', '2024-11-20 19:11:44'),
       ('bcdedfac-64e7-4118-bd94-6597a964bc4b', '562408000007', 3, 'CH2', '2024-11-13 19:29:32'),
       ('bce1639c-baec-41f8-8c40-bc6a102f3040', '562408000003', 1, 'CH2', '2024-11-20 18:03:59'),
       ('bd169449-cb09-4a34-9533-6082a732dd13', '562408000003', 4, 'CH2', '2024-11-20 18:40:07'),
       ('bdbcd79e-b9e4-4ef8-8bf3-ea26b92f0839', '562408000007', 1, 'CH2', '2024-11-13 19:48:10'),
       ('be112e84-bae1-449d-8b41-c55040656681', '562408000003', 1, 'CH2', '2024-11-20 23:59:36'),
       ('be4a8bbf-3b56-4479-bbaf-23834515c6f2', '562408000007', 1, 'CH2', '2024-11-13 19:04:23'),
       ('be5a36bc-b4dd-4b63-ad86-2e0b0ade373f', '562408000003', 2, 'CH2', '2024-11-20 23:10:02'),
       ('be84e38c-126d-4b0a-a2df-bc0027719c96', '562408000003', 1, 'CH2', '2024-11-19 02:28:25'),
       ('bf3a2c90-9578-4e17-a7e3-77d4719b759e', '562408000007', 1, 'CH2', '2024-11-13 20:12:43'),
       ('bf5b8a78-7f6e-401b-9db4-40566353e610', '562408000003', 1, 'CH2', '2024-11-20 17:58:38'),
       ('bff29930-b181-47bf-ab11-e0378bceeef8', '562408000003', 4, 'CH2', '2024-11-18 23:18:53'),
       ('c01c3d50-48ce-46da-aeea-5afb29b99ca5', '562408000003', 1, 'CH2', '2024-11-18 23:12:29'),
       ('c0410d53-40f9-411f-a751-d21bd3305d27', '562408000007', 1, 'CH2', '2024-11-13 19:41:47'),
       ('c11f7270-c6dd-428a-adb8-9d73d4944ad2', '562408000003', 2, 'CH2', '2024-11-18 23:37:54'),
       ('c1aff032-68a0-4d79-95a6-58fbd15b71b4', '562408000003', 3, 'CH2', '2024-11-18 23:34:54'),
       ('c1dc84e7-6688-4730-9d5e-f6f1f8be7e80', '562408000003', 2, 'CH2', '2024-11-20 22:36:44'),
       ('c1dcc55f-eb97-40eb-81ab-2bb344f1cc93', '562408000003', 3, 'CH2', '2024-11-18 22:59:31'),
       ('c1f969c6-d98b-4395-a9c8-459daa02eeed', '562408000003', 1, 'CH2', '2024-11-20 23:02:21'),
       ('c2045f87-b7d7-487f-b230-1ffbf4a57876', '562408000003', 3, 'CH2', '2024-11-18 23:20:53'),
       ('c2315010-faf1-479e-9166-f7c5b3f64c0e', '562408000003', 3, 'CH2', '2024-11-20 19:33:19'),
       ('c2fb5041-a6a1-42e0-92f0-195c8e081644', '562408000003', 3, 'CH2', '2024-11-20 19:28:02'),
       ('c3f113cf-3cfa-496b-96c1-306e838c95f4', '562408000003', 1, 'CH2', '2024-11-19 01:21:52'),
       ('c43d7e2f-1d33-49d4-8b20-c4d7663ce57b', '562408000003', 5, 'CH2', '2024-11-18 23:33:54'),
       ('c493b003-dbe6-484e-bf52-ffca629fbf05', '562408000007', 1, 'CH2', '2024-11-13 19:36:59'),
       ('c50be3f4-29b4-4c77-a663-a458e07e9ffc', '562408000007', 1, 'CH2', '2024-11-12 00:16:54'),
       ('c5107740-c9c2-4e3a-b4cd-e0db5aecfecf', '562408000003', 3, 'CH2', '2024-11-20 22:27:19'),
       ('c534f837-380f-4d7c-aeaa-d9667aeb9a09', '562408000003', 1, 'CH2', '2024-11-20 23:36:24'),
       ('c61087b4-ad91-4d4a-90d0-f861989c53c8', '562408000007', 1, 'CH2', '2024-11-13 19:54:07'),
       ('c74a6704-69d5-46a2-987c-3a810ba00369', '562408000003', 1, 'CH2', '2024-11-21 09:10:46'),
       ('c794e5b1-e704-4500-8729-028e8688abb4', '562408000003', 1, 'CH2', '2024-11-18 22:47:43'),
       ('c7a477a5-4bc1-4c50-922a-57213922466b', '562408000003', 1, 'CH2', '2024-11-19 00:58:49'),
       ('c9344252-962f-4735-8c4b-78254c6a6dfa', '562408000007', 1, 'CH2', '2024-11-12 00:12:05'),
       ('c99c0e3c-3e89-4a4f-ae3c-cfbc0fd8ea96', '562408000007', 1, 'CH2', '2024-11-12 00:13:33'),
       ('c9e5f962-b0ee-41e2-99f3-e4f10cf400cb', '562408000003', 2, 'CH2', '2024-11-18 22:51:22'),
       ('c9f5eca1-d611-4cfd-ad27-3a3c1cd744b4', '562408000007', 2, 'CH2', '2024-11-13 19:53:07'),
       ('c9fca678-811e-4b2e-b659-424568a302bb', '562408000007', 4, 'CH2', '2024-11-13 20:34:40'),
       ('cabade19-6119-4bf8-b83e-700d90353b52', '562408000003', 2, 'CH2', '2024-11-20 22:34:14'),
       ('caca78ba-77ce-43ca-8fa4-91372ac84220', '562408000003', 1, 'CH2', '2024-11-20 18:03:29'),
       ('cb1f373b-55a6-41dd-b551-a2eb1a3bda4c', '562408000003', 2, 'CH2', '2024-11-18 23:41:42'),
       ('cb237ae9-70ab-4aee-9c4f-f4b9911c5395', '562408000003', 1, 'CH2', '2024-11-20 18:59:55'),
       ('cb7bdda2-e912-4ce0-b491-740468eb26f8', '562408000003', 1, 'CH2', '2024-11-20 23:18:35'),
       ('cc528001-5aac-40e2-a2d7-54d0ea58db8c', '562408000003', 3, 'CH2', '2024-11-20 23:24:18'),
       ('cc7bf3df-7ce8-4c3b-aa3e-2e58250d1443', '562408000003', 1, 'CH2', '2024-11-20 22:38:58'),
       ('ccbe12b7-a05e-4474-886a-c643df9b26e3', '562408000003', 4, 'CH2', '2024-11-20 18:00:59'),
       ('cd055811-b47a-4827-84b0-82faff028dd4', '562408000003', 1, 'CH2', '2024-11-20 19:16:45'),
       ('cd68bada-6969-4e64-8c0a-2b2922a230dd', '562408000003', 1, 'CH2', '2024-11-20 22:39:58'),
       ('ce22aeed-db08-4985-a7c9-fc128010685f', '562408000003', 1, 'CH2', '2024-11-20 19:22:44'),
       ('ce48e1c9-c748-4e2c-80b2-8e30af98209f', '562408000007', 1, 'CH2', '2024-11-12 00:09:35'),
       ('ce7fda81-4a71-4b23-83da-49f8e79ba01f', '562408000003', 3, 'CH2', '2024-11-21 08:57:51'),
       ('cf13c409-0169-41e3-af91-97c421ce463a', '562408000003', 2, 'CH2', '2024-11-18 22:50:22'),
       ('cf2407fc-89a2-45e4-825e-b8cdd710f0a6', '562408000003', 1, 'CH2', '2024-11-19 01:32:56'),
       ('cf40881f-6dce-4694-9cbe-ba4ca063eb02', '562408000007', 1, 'CH2', '2024-11-12 01:02:04'),
       ('cf8b1181-b39d-40dd-9e0e-271c44583e88', '562408000003', 1, 'CH2', '2024-11-18 23:47:09'),
       ('cf982330-b7e4-4935-9ef6-bd58dcb04386', '562408000003', 1, 'CH2', '2024-11-21 01:28:50'),
       ('cfa2b9f6-db1d-4594-a520-49cd49401e31', '562408000003', 1, 'CH2', '2024-11-21 09:11:16'),
       ('cfbe1ce1-6001-4c87-919a-8669e40b7403', '562408000007', 3, 'CH2', '2024-11-13 18:55:38'),
       ('cfc67650-23d0-4246-bb78-0164ef3b064e', '562408000003', 2, 'CH2', '2024-11-18 23:33:24'),
       ('cfd63970-6d65-4895-b8ce-f1d081d04b86', '562408000003', 1, 'CH1', '2024-11-23 01:39:45'),
       ('cfe7e21b-e061-4c6d-a53b-04f524db63e4', '562408000007', 5, 'CH2', '2024-11-13 19:26:32'),
       ('d03119e1-797a-4ed8-bca9-0c4c71c82cd8', '562408000003', 3, 'CH2', '2024-11-18 23:20:23'),
       ('d038e9aa-815d-4521-b62a-e813c0349fe1', '562408000003', 2, 'CH2', '2024-11-20 22:30:32'),
       ('d04937b9-762f-40a7-b739-01af1104ca91', '562408000003', 2, 'CH2', '2024-11-20 22:14:14'),
       ('d05466ae-205b-4b32-a6c8-3ee612e08ef7', '562408000003', 1, 'CH2', '2024-11-18 23:09:08'),
       ('d07ff261-a5f0-49f9-b768-2f71c9b576b9', '562408000007', 1, 'CH2', '2024-11-13 19:04:53'),
       ('d088a2ef-c92d-403a-9a47-12ff3d6292e6', '562408000003', 4, 'CH2', '2024-11-20 19:09:24'),
       ('d09c054e-08cb-4288-9b4d-e21b0498904e', '562408000003', 3, 'CH2', '2024-11-20 22:50:37'),
       ('d0a583b4-f8b7-4554-a6e7-44e76d91d211', '562408000007', 1, 'CH2', '2024-11-12 00:37:14'),
       ('d0b58aef-1f25-481c-bab8-def6049a4e97', '562408000003', 1, 'CH2', '2024-11-21 00:36:14'),
       ('d11d3403-116a-481c-abb3-f65e9d9cf516', '562408000003', 1, 'CH2', '2024-11-20 22:15:14'),
       ('d2284ed6-2343-46bb-b014-4ae1e26d050e', '562408000007', 2, 'CH2', '2024-11-13 21:21:37'),
       ('d2a68aca-d6cf-4501-b584-5e92a03db7fb', '562408000007', 1, 'CH2', '2024-11-12 00:14:03'),
       ('d2af6fd2-3331-446b-abc4-42d1095925b1', '562408000007', 1, 'CH2', '2024-11-12 00:39:42'),
       ('d3035405-44a1-4f38-ad87-70ab503def64', '562408000003', 1, 'CH2', '2024-11-20 22:04:58'),
       ('d35a4379-d711-48e7-a3b9-0dc03addf633', '562408000007', 1, 'CH2', '2024-11-13 18:55:08'),
       ('d360af2a-93ee-49a2-b72c-795dfd65c84b', '562408000003', 4, 'CH2', '2024-11-18 23:36:54'),
       ('d372fd74-d923-4f49-8556-5ccd745d7613', '562408000003', 2, 'CH2', '2024-11-20 23:41:18'),
       ('d37becfd-d3b2-4d04-bda1-c340060ed97d', '562408000007', 1, 'CH2', '2024-11-15 02:23:51'),
       ('d3c569ed-9c2f-462c-b16d-53d1c67793aa', '562408000003', 5, 'CH2', '2024-11-20 22:40:28'),
       ('d3cfb43b-c522-4901-9953-a7c646ad2d6b', '562408000007', 1, 'CH2', '2024-11-12 03:12:30'),
       ('d3dd70c0-e6bd-43ec-91c1-a68cd9f19d57', '562408000003', 1, 'CH2', '2024-11-19 01:29:54'),
       ('d3fa56bb-f98c-4e5f-8537-0894c18fb30e', '562408000003', 2, 'CH2', '2024-11-20 21:47:52'),
       ('d447faea-a8be-4517-8890-74e4d101b5a3', '562408000007', 2, 'CH2', '2024-11-12 00:50:22'),
       ('d4a9c520-6565-4a86-b59b-ee3c84bca05c', '562408000007', 1, 'CH2', '2024-11-11 23:49:23'),
       ('d4fd647c-3398-42b2-afd9-b5de4254d9a4', '562408000003', 1, 'CH2', '2024-11-19 02:58:10'),
       ('d56622f1-71e7-43a2-a6c2-29a74b9ed1ad', '562408000007', 1, 'CH2', '2024-11-13 20:16:35'),
       ('d5cf91a2-3057-446f-92b3-aa68b0862210', '562408000003', 1, 'CH2', '2024-11-21 08:48:58'),
       ('d5d94500-30ad-4822-8902-738b73b572b6', '562408000003', 1, 'CH2', '2024-11-19 01:24:22'),
       ('d5ecc2f3-630e-43af-a9bd-85e0d1e6e77f', '562408000007', 3, 'CH2', '2024-11-12 00:38:40'),
       ('d631a87a-67f2-4565-a0f2-efe1ad186132', '562408000003', 2, 'CH2', '2024-11-20 22:46:45'),
       ('d6330201-77a8-4fe0-87d1-e263c016a301', '562408000003', 4, 'CH2', '2024-11-18 23:32:23'),
       ('d63754de-2bcd-484b-bb1c-bab132009c02', '562408000003', 1, 'CH2', '2024-11-21 00:18:05'),
       ('d6e66efd-c9f3-47b0-8ecc-2c19d4ab9953', '562408000003', 1, 'CH2', '2024-11-19 01:30:24'),
       ('d735d676-011d-4476-8aa2-824e70be7e6c', '562408000003', 1, 'CH2', '2024-11-19 02:59:10'),
       ('d792c65a-f5af-4817-919f-749cac708b4e', '562408000003', 2, 'CH2', '2024-11-20 19:10:24'),
       ('d7a366e9-1e79-496f-a03c-b2d258efcd57', '562408000007', 2, 'CH2', '2024-11-13 20:28:22'),
       ('d7e008ca-e236-4d4e-8d33-64ceabd70ee9', '562408000003', 5, 'CH2', '2024-11-18 23:21:53'),
       ('d82e7ca9-5ed9-401d-b9b7-e9e6d64f4eff', '562408000007', 1, 'CH2', '2024-11-13 19:24:32'),
       ('d88a3d56-0c35-4e81-9ab7-756c55614fe0', '562408000003', 1, 'CH2', '2024-11-21 08:08:16'),
       ('d8b02ea7-5229-4410-add2-b3745b710f94', '562408000007', 1, 'CH2', '2024-11-13 19:17:10'),
       ('d96532b3-9c69-41eb-9e9b-9b4c72614f37', '562408000003', 5, 'CH2', '2024-11-19 01:23:52'),
       ('d9dd414a-c879-46e3-87dd-8378f966fabb', '562408000003', 1, 'CH2', '2024-11-19 02:31:17'),
       ('da610c91-8954-4d3f-8bd9-4118d979a8b3', '562408000003', 1, 'CH2', '2024-11-20 21:59:15'),
       ('db2f1ea0-2321-42bf-b3df-3be1c52f02cb', '562408000003', 1, 'CH2', '2024-11-20 22:46:15'),
       ('db3f515b-58d1-40d5-8509-bfe590b44327', '562408000007', 1, 'CH2', '2024-11-12 01:11:43'),
       ('db430a55-7b01-4339-b619-cfba8f5bf06f', '562408000003', 1, 'CH2', '2024-11-21 00:13:17'),
       ('dcd5d6cb-2eaf-4fbf-9f00-7bdf1b03b42b', '562408000003', 3, 'CH2', '2024-11-18 23:27:23'),
       ('dcf2a42f-bc9a-49f9-b816-2be589d65d4c', '562408000007', 1, 'CH2', '2024-11-13 18:59:52'),
       ('dd07d0c4-adcf-411e-b272-152c4ffa2d13', '562408000007', 3, 'CH2', '2024-11-13 20:46:48'),
       ('dd2d7fb9-d7b1-403a-b953-9a65e1191969', '562408000007', 3, 'CH2', '2024-11-13 18:56:38'),
       ('dd2eb501-9128-44d5-8a53-b7d0a52fcfca', '562408000003', 1, 'CH2', '2024-11-19 01:19:05'),
       ('dd36af32-8eac-4f53-8381-e821787e78e3', '562408000003', 1, 'CH2', '2024-11-19 02:55:22'),
       ('ddb3b72d-ab48-4ecc-b469-9c6c2dc64e3d', '562408000003', 3, 'CH2', '2024-11-18 23:26:23'),
       ('ddcc7e63-e943-4210-b845-010f69bb3925', '562408000003', 1, 'CH2', '2024-11-19 02:57:16'),
       ('ddd4edfd-c712-40a2-a753-63d3055cffc6', '562408000003', 1, 'CH2', '2024-11-20 19:37:54'),
       ('de37ebd3-e5d2-4c06-9253-e5ce18c4ac49', '562408000007', 3, 'CH2', '2024-11-13 20:07:56'),
       ('deb6a343-3621-49c6-a054-6a0e6d14e11b', '562408000003', 2, 'CH2', '2024-11-18 23:27:53'),
       ('df495f7d-3d7d-4ebe-8f15-a7e43f765d5c', '562408000007', 1, 'CH2', '2024-11-13 20:02:17'),
       ('df547b21-fcf8-4197-acbc-58e58452564c', '562408000003', 1, 'CH2', '2024-11-18 22:46:43'),
       ('dfb7dfa5-da0a-445e-a413-a5ca69ed5f7c', '562408000007', 3, 'CH2', '2024-11-13 20:20:25'),
       ('dfff5c50-7ed0-44e2-a139-649941d6697b', '562408000003', 2, 'CH2', '2024-11-20 21:46:22'),
       ('e0715c93-cc18-47c8-886a-26d36c85b0ae', '562408000003', 1, 'CH2', '2024-11-20 18:16:32'),
       ('e0c55592-d2ec-477e-a751-82200e64ba13', '562408000003', 1, 'CH2', '2024-11-20 22:36:14'),
       ('e0e67995-5f4d-4695-84c8-3934ef413f9d', '562408000007', 1, 'CH2', '2024-11-12 00:49:52'),
       ('e0ea8720-51ab-44f9-ad06-32449187524d', '562408000007', 1, 'CH2', '2024-11-13 19:18:25'),
       ('e0f0a5bb-d587-4cd7-bb77-1f4b97517ab0', '562408000007', 2, 'CH2', '2024-11-15 02:28:24'),
       ('e116de61-36d0-47b5-b2e7-46b653c0e0aa', '562408000007', 1, 'CH2', '2024-11-13 19:37:59'),
       ('e15d3de7-8765-4e9e-a43c-a765b7a38dad', '562408000003', 3, 'CH2', '2024-11-20 23:35:24'),
       ('e192f676-c897-4b3c-9b32-21c335061be0', '562408000003', 1, 'CH2', '2024-11-19 01:37:00'),
       ('e1e3510a-d1b1-4da2-96f6-8ecb8f294dfb', '562408000003', 1, 'CH2', '2024-11-20 22:45:36'),
       ('e247d1ad-d101-4eaf-9c8e-fc764630b220', '562408000003', 4, 'CH2', '2024-11-20 23:33:24'),
       ('e2491f04-1a98-48df-bb8d-f53788f2c152', '562408000003', 1, 'CH2', '2024-11-20 23:59:06'),
       ('e258ec04-8d9d-4907-b7bc-f483eb1fa4a4', '562408000003', 3, 'CH1', '2024-11-23 02:00:52'),
       ('e29b855c-1b51-4f7e-93d5-8fe6f68b18d7', '562408000007', 1, 'CH2', '2024-11-12 00:23:00'),
       ('e2f16166-4c0e-4f14-920b-cc6539df9ad1', '562408000003', 1, 'CH1', '2024-11-23 02:17:54'),
       ('e3693d39-067c-483b-9f2e-6ba369f31942', '562408000007', 2, 'CH2', '2024-11-12 01:02:34'),
       ('e3840347-584a-410b-91e2-6f5a2ed5ba4f', '562408000003', 2, 'CH2', '2024-11-20 23:21:27'),
       ('e3913b35-527b-47d5-974a-99e81f980a5c', '562408000003', 1, 'CH2', '2024-11-19 01:40:09'),
       ('e3aa96b3-f026-4359-84d7-a60a9738e3c1', '562408000003', 1, 'CH2', '2024-11-20 23:32:20'),
       ('e3e30f83-3f55-4a94-a0e6-1f83be7a529a', '562408000003', 1, 'CH1', '2024-11-23 02:17:24'),
       ('e41b848c-072a-4296-8105-e46afdf8323f', '562408000007', 2, 'CH2', '2024-11-12 00:19:41'),
       ('e432e2f3-bf9a-49e5-8376-e1eb1c98c9d7', '562408000003', 1, 'CH2', '2024-11-18 22:43:52'),
       ('e4c1ad33-8568-4551-abd9-e582cd08eea8', '562408000003', 2, 'CH2', '2024-11-20 18:43:07'),
       ('e4e75c5f-49ce-4f72-aa2e-5ce6cf5d85b0', '562408000003', 1, 'CH1', '2024-11-23 02:40:27'),
       ('e50fd538-2159-4d64-a30c-d89a8b2d21a3', '562408000007', 2, 'CH2', '2024-11-13 19:47:40'),
       ('e52af3bc-b97b-41b2-95aa-e4cddc90e9bc', '562408000003', 1, 'CH2', '2024-11-21 00:17:34'),
       ('e54f160a-988c-4741-9259-eeb737dbdaf1', '562408000003', 2, 'CH2', '2024-11-20 18:20:16'),
       ('e5c5d10f-9366-45a7-8477-26ac3da7f643', '562408000007', 1, 'CH2', '2024-11-13 19:56:02'),
       ('e5ed390e-3435-4adc-b411-3975fb5ef0fe', '562408000003', 1, 'CH1', '2024-11-23 01:45:10'),
       ('e62e2fa9-66b6-4289-8fc4-46bc78148e7e', '562408000003', 3, 'CH2', '2024-11-20 18:15:59'),
       ('e6329f26-3e4d-4727-bc36-8dd68d0ea83c', '562408000003', 1, 'CH1', '2024-11-23 01:03:17'),
       ('e64235d6-877b-4e49-a0b8-611d8d3ee2ab', '562408000003', 1, 'CH2', '2024-11-20 19:08:24'),
       ('e6be27b4-2d2f-40cb-a300-b78c6b380fb8', '562408000007', 3, 'CH2', '2024-11-13 20:36:10'),
       ('e717dcc5-6c3f-44a5-baed-20673fe3ff42', '562408000003', 1, 'CH2', '2024-11-20 18:06:29'),
       ('e7971a14-71a1-4ff9-a4f6-b02c163abc44', '562408000003', 1, 'CH2', '2024-11-21 08:01:43'),
       ('e8a281e7-876b-4c4e-97b7-faa1f5eb1420', '562408000007', 2, 'CH2', '2024-11-13 19:35:56'),
       ('e8a58005-ba8e-49bb-a374-e78022787328', '562408000007', 1, 'CH2', '2024-11-13 19:13:11'),
       ('e8b93015-8e8f-4166-93e7-2151d84c6d1a', '562408000003', 1, 'CH2', '2024-11-19 01:18:35'),
       ('e8bd012d-09ea-40c8-a5ea-1d013332adc4', '562408000007', 1, 'CH2', '2024-11-13 18:54:08'),
       ('e8ef6060-fcd4-4488-83c1-f06417f72c1f', '562408000003', 1, 'CH2', '2024-11-19 02:52:53'),
       ('e92d986c-2334-4b34-a829-f2015dff0d1a', '562408000007', 3, 'CH2', '2024-11-13 18:59:22'),
       ('ea1b8258-0b6e-4851-badd-11500f239739', '562408000003', 1, 'CH2', '2024-11-20 23:49:42'),
       ('ea2771a9-d72e-4510-94c4-cdcff62ae59a', '562408000003', 6, 'CH2', '2024-11-20 18:36:37'),
       ('eaa13fa3-71f9-40d9-a0ab-4eeec7ff399d', '562408000003', 1, 'CH2', '2024-11-19 01:21:22'),
       ('eb1d9f9a-e652-4b92-ade8-010ea467bf61', '562408000007', 1, 'CH2', '2024-11-12 03:28:51'),
       ('eb560c2e-f848-44c1-a913-128d30b9a3d0', '562408000007', 1, 'CH2', '2024-11-13 19:00:22'),
       ('eb83f8ce-9541-4939-9243-2f76f021e631', '562408000003', 1, 'CH2', '2024-11-19 02:58:40'),
       ('ec876dd8-9e72-463f-88cb-79f709771360', '562408000007', 1, 'CH2', '2024-11-13 19:39:55'),
       ('eda5a217-6467-4adf-b0ab-2ecfd9754756', '562408000003', 6, 'CH2', '2024-11-18 23:25:23'),
       ('ef2152ba-c768-40e2-b89e-4bf2e0d0e912', '562408000007', 1, 'CH2', '2024-11-12 02:53:15'),
       ('ef4b631e-c377-4062-8ea6-59cb0fc2e9da', '562408000007', 1, 'CH2', '2024-11-13 20:00:54'),
       ('ef5f5ca3-3938-4aa2-9309-4757c4ab5798', '562408000007', 1, 'CH2', '2024-11-12 00:05:51'),
       ('f0015e56-6d18-4908-bc56-71da88391c8c', '562408000003', 1, 'CH2', '2024-11-20 18:13:59'),
       ('f091d9b0-d940-4822-99e8-2b139fd739a5', '562408000003', 1, 'CH2', '2024-11-20 22:30:02'),
       ('f1091eb7-5538-4e27-a663-cfb24a6a4189', '562408000003', 3, 'CH2', '2024-11-18 23:15:59'),
       ('f128a6e9-0996-4386-81ec-f316950b9194', '562408000003', 6, 'CH2', '2024-11-20 23:47:39'),
       ('f171ab1a-8f15-4258-b44b-12e63be2f2a1', '562408000003', 1, 'CH2', '2024-11-19 02:59:43'),
       ('f1ca7354-d263-4767-b0b0-336d1ca1af9c', '562408000003', 1, 'CH2', '2024-11-20 19:30:54'),
       ('f1dd2af4-2ee2-46d8-a47b-48706d41faf6', '562408000003', 2, 'CH2', '2024-11-18 23:26:53'),
       ('f232061e-040c-4903-b967-72138dfc6eb7', '562408000007', 3, 'CH2', '2024-11-13 19:30:02'),
       ('f252de41-511f-49d5-a8c1-ec3c7c88915b', '562408000003', 2, 'CH1', '2024-11-23 01:16:43'),
       ('f25e1546-a6d0-40f5-a240-70664a91b63e', '562408000003', 1, 'CH2', '2024-11-20 23:49:12'),
       ('f265a6dc-dd8a-46b5-97eb-a69cd51c9ec9', '562408000007', 3, 'CH2', '2024-11-12 00:31:37'),
       ('f293097e-e817-4dd1-9d80-911daa1865b9', '562408000003', 4, 'CH2', '2024-11-20 22:48:18'),
       ('f29942c5-8997-4d3e-9221-e5be9380dbc7', '562408000003', 1, 'CH2', '2024-11-20 22:09:22'),
       ('f2b91f0a-65d6-4907-af52-b40ca00b25d6', '562408000007', 1, 'CH2', '2024-11-13 20:05:11'),
       ('f3935b88-93e5-43b0-b5ef-77dc2563e979', '562408000007', 1, 'CH2', '2024-11-12 00:06:21'),
       ('f3c324f9-e33c-4eab-b993-b3a2d2f44ac6', '562408000007', 1, 'CH2', '2024-11-11 23:50:23'),
       ('f3cfb91c-d7fe-4ccd-9f35-b0ccd999caaa', '562408000003', 1, 'CH2', '2024-11-19 01:10:55'),
       ('f3fb327f-3545-46c5-9f05-63eeb16bb58b', '562408000003', 3, 'CH2', '2024-11-20 18:12:59'),
       ('f43af9ff-d522-477f-ade8-5b873fa92fa5', '562408000003', 1, 'CH2', '2024-11-20 23:48:42'),
       ('f4579af9-e576-4ba6-8c3d-65bfe86b183d', '562408000007', 3, 'CH2', '2024-11-13 19:27:02'),
       ('f486ace7-02d9-4f26-aada-937fb88d021b', '562408000003', 1, 'CH2', '2024-11-20 19:32:19'),
       ('f4acb6f9-2be8-4529-8478-57b0e07f0aa0', '562408000003', 1, 'CH2', '2024-11-19 02:46:54'),
       ('f4efa27a-b2a1-436e-8074-eff645d8dcb5', '562408000003', 2, 'CH2', '2024-11-19 01:39:03'),
       ('f545dc4f-2ae9-4333-9476-2d6ecc224529', '562408000003', 1, 'CH2', '2024-11-19 01:09:56'),
       ('f57e4ed5-0893-4301-8b22-6ba023c0f61b', '562408000003', 6, 'CH2', '2024-11-20 22:53:53'),
       ('f59d102d-6ce0-4b5b-943f-2d447c3d7fe4', '562408000003', 1, 'CH1', '2024-11-23 01:35:36'),
       ('f5af7309-8744-48a0-8283-889596944bbc', '562408000003', 2, 'CH2', '2024-11-19 01:23:22'),
       ('f6e90746-9de1-48e1-bcfc-d5fdd8be7ad6', '562408000003', 1, 'CH2', '2024-11-20 23:52:57'),
       ('f6f72b3b-f313-4d0e-bdad-3eb60c5d3d46', '562408000007', 4, 'CH2', '2024-11-12 00:20:11'),
       ('f71a8bf0-6d98-49b8-9606-83991a36c232', '562408000007', 1, 'CH2', '2024-11-15 02:24:21'),
       ('f74b7587-390f-4d5f-8333-54159c70d840', '562408000003', 1, 'CH2', '2024-11-18 23:04:37'),
       ('f81dcb3b-c518-4139-811d-0424886c8319', '562408000007', 1, 'CH2', '2024-11-12 00:49:22'),
       ('f8977929-587d-44cd-b1a0-78a309b7a253', '562408000003', 1, 'CH2', '2024-11-20 18:24:22'),
       ('f89bca32-5a49-4827-a1ff-0869a83959b6', '562408000003', 1, 'CH2', '2024-11-20 21:56:20'),
       ('f89f5f2f-b06d-4a81-a052-d1e31f78b740', '562408000003', 6, 'CH2', '2024-11-18 23:19:23'),
       ('f8ee5fe4-8194-412e-bf85-591b69c553c1', '562408000003', 1, 'CH2', '2024-11-19 02:55:52'),
       ('f9bffced-9b63-4929-a0cb-5b59c105d3c3', '562408000007', 1, 'CH2', '2024-11-13 19:44:51'),
       ('f9ef7e1c-e024-4d93-ae52-cc30ff555f91', '562408000003', 2, 'CH2', '2024-11-18 23:01:54'),
       ('f9f3d3b5-0b2f-4d6e-98b8-fb6ef652940a', '562408000003', 1, 'CH2', '2024-11-20 19:26:32'),
       ('fa96f4d8-ebd2-4531-bac3-7fdceb7eb5bf', '562408000007', 1, 'CH2', '2024-11-13 21:22:15'),
       ('fa9ae22b-5e52-431d-8065-6488c94223a9', '562408000007', 1, 'CH2', '2024-11-13 20:13:43'),
       ('facfba32-0b3c-46f1-b34e-75d6c5069f54', '562408000007', 1, 'CH2', '2024-11-13 20:28:52'),
       ('fb46c4ce-c5c8-476e-85d5-6b19830dfece', '562408000007', 1, 'CH2', '2024-11-13 19:39:25'),
       ('fc4954fb-d62b-4b6c-92e9-caad52bd652e', '562408000003', 1, 'CH2', '2024-11-20 19:06:20'),
       ('fc979317-bc19-4c47-b2dc-54694248c1c9', '562408000007', 1, 'CH2', '2024-11-13 19:07:56'),
       ('fce4bb7e-245c-407d-b1b2-4bca2462a784', '562408000003', 2, 'CH2', '2024-11-20 18:52:50'),
       ('fd44a78c-b410-4d63-b1f9-e78e95182491', '562408000003', 1, 'CH2', '2024-11-20 22:58:00'),
       ('fd5a5d75-dcc4-4c2e-a6fd-bfcf76623556', '562408000007', 2, 'CH2', '2024-11-13 19:18:55'),
       ('fd8e9920-6a51-4e9e-bce8-599b8bf066e3', '562408000003', 1, 'CH2', '2024-11-18 23:08:38'),
       ('fd996b60-663e-4f2f-b7c5-6f594b8d3a60', '562408000003', 2, 'CH2', '2024-11-20 22:13:44'),
       ('fdb489a4-bcbe-4f0c-a8bf-633f84b24ef0', '562408000003', 1, 'CH2', '2024-11-18 22:39:42'),
       ('fdbd8b0d-d3da-415b-8de2-909212722956', '562408000007', 2, 'CH2', '2024-11-13 20:33:10'),
       ('fdce5261-df8f-4ed6-89fd-7ffab7b20297', '562408000007', 4, 'CH2', '2024-11-13 20:33:40'),
       ('ff5309dc-795b-4711-840c-48e26f8a0c50', '562408000003', 3, 'CH2', '2024-11-20 18:31:37'),
       ('ffd367ea-4819-4ca3-8782-dcd65696cc4c', '562408000007', 5, 'CH2', '2024-11-12 01:19:35'),
       ('ffd493d4-8985-4a4f-8c58-be0ba9d17396', '562408000007', 2, 'CH2', '2024-11-13 20:29:22');

--
-- Índices para tablas volcadas
--

--
-- Indices de la tabla `auth_group`
--
ALTER TABLE `auth_group`
    ADD PRIMARY KEY (`id`),
    ADD UNIQUE KEY `name` (`name`);

--
-- Indices de la tabla `auth_group_permissions`
--
ALTER TABLE `auth_group_permissions`
    ADD PRIMARY KEY (`id`),
    ADD UNIQUE KEY `auth_group_permissions_group_id_permission_id_0cd325b0_uniq` (`group_id`, `permission_id`),
    ADD KEY `auth_group_permissio_permission_id_84c5c92e_fk_auth_perm` (`permission_id`);

--
-- Indices de la tabla `auth_permission`
--
ALTER TABLE `auth_permission`
    ADD PRIMARY KEY (`id`),
    ADD UNIQUE KEY `auth_permission_content_type_id_codename_01ab375a_uniq` (`content_type_id`, `codename`);

--
-- Indices de la tabla `auth_user`
--
ALTER TABLE `auth_user`
    ADD PRIMARY KEY (`id`),
    ADD UNIQUE KEY `username` (`username`);

--
-- Indices de la tabla `auth_user_groups`
--
ALTER TABLE `auth_user_groups`
    ADD PRIMARY KEY (`id`),
    ADD UNIQUE KEY `auth_user_groups_user_id_group_id_94350c0c_uniq` (`user_id`, `group_id`),
    ADD KEY `auth_user_groups_group_id_97559544_fk_auth_group_id` (`group_id`);

--
-- Indices de la tabla `auth_user_user_permissions`
--
ALTER TABLE `auth_user_user_permissions`
    ADD PRIMARY KEY (`id`),
    ADD UNIQUE KEY `auth_user_user_permissions_user_id_permission_id_14a6b632_uniq` (`user_id`, `permission_id`),
    ADD KEY `auth_user_user_permi_permission_id_1fbb5f2c_fk_auth_perm` (`permission_id`);

--
-- Indices de la tabla `django_admin_log`
--
ALTER TABLE `django_admin_log`
    ADD PRIMARY KEY (`id`),
    ADD KEY `django_admin_log_content_type_id_c4bce8eb_fk_django_co` (`content_type_id`),
    ADD KEY `django_admin_log_user_id_c564eba6_fk_auth_user_id` (`user_id`);

--
-- Indices de la tabla `django_content_type`
--
ALTER TABLE `django_content_type`
    ADD PRIMARY KEY (`id`),
    ADD UNIQUE KEY `django_content_type_app_label_model_76bd3d3b_uniq` (`app_label`, `model`);

--
-- Indices de la tabla `django_migrations`
--
ALTER TABLE `django_migrations`
    ADD PRIMARY KEY (`id`);

--
-- Indices de la tabla `django_session`
--
ALTER TABLE `django_session`
    ADD PRIMARY KEY (`session_key`),
    ADD KEY `django_session_expire_date_a5c62663` (`expire_date`);

--
-- Indices de la tabla `myapp_count`
--
ALTER TABLE `myapp_count`
    ADD PRIMARY KEY (`id`);

--
-- AUTO_INCREMENT de las tablas volcadas
--

--
-- AUTO_INCREMENT de la tabla `auth_group`
--
ALTER TABLE `auth_group`
    MODIFY `id` int(11) NOT NULL AUTO_INCREMENT;

--
-- AUTO_INCREMENT de la tabla `auth_group_permissions`
--
ALTER TABLE `auth_group_permissions`
    MODIFY `id` bigint(20) NOT NULL AUTO_INCREMENT;

--
-- AUTO_INCREMENT de la tabla `auth_permission`
--
ALTER TABLE `auth_permission`
    MODIFY `id` int(11) NOT NULL AUTO_INCREMENT,
    AUTO_INCREMENT = 25;

--
-- AUTO_INCREMENT de la tabla `auth_user`
--
ALTER TABLE `auth_user`
    MODIFY `id` int(11) NOT NULL AUTO_INCREMENT;

--
-- AUTO_INCREMENT de la tabla `auth_user_groups`
--
ALTER TABLE `auth_user_groups`
    MODIFY `id` bigint(20) NOT NULL AUTO_INCREMENT;

--
-- AUTO_INCREMENT de la tabla `auth_user_user_permissions`
--
ALTER TABLE `auth_user_user_permissions`
    MODIFY `id` bigint(20) NOT NULL AUTO_INCREMENT;

--
-- AUTO_INCREMENT de la tabla `django_admin_log`
--
ALTER TABLE `django_admin_log`
    MODIFY `id` int(11) NOT NULL AUTO_INCREMENT;

--
-- AUTO_INCREMENT de la tabla `django_content_type`
--
ALTER TABLE `django_content_type`
    MODIFY `id` int(11) NOT NULL AUTO_INCREMENT,
    AUTO_INCREMENT = 7;

--
-- AUTO_INCREMENT de la tabla `django_migrations`
--
ALTER TABLE `django_migrations`
    MODIFY `id` bigint(20) NOT NULL AUTO_INCREMENT,
    AUTO_INCREMENT = 19;

--
-- Restricciones para tablas volcadas
--

--
-- Filtros para la tabla `auth_group_permissions`
--
ALTER TABLE `auth_group_permissions`
    ADD CONSTRAINT `auth_group_permissio_permission_id_84c5c92e_fk_auth_perm` FOREIGN KEY (`permission_id`) REFERENCES `auth_permission` (`id`),
    ADD CONSTRAINT `auth_group_permissions_group_id_b120cbf9_fk_auth_group_id` FOREIGN KEY (`group_id`) REFERENCES `auth_group` (`id`);

--
-- Filtros para la tabla `auth_permission`
--
ALTER TABLE `auth_permission`
    ADD CONSTRAINT `auth_permission_content_type_id_2f476e4b_fk_django_co` FOREIGN KEY (`content_type_id`) REFERENCES `django_content_type` (`id`);

--
-- Filtros para la tabla `auth_user_groups`
--
ALTER TABLE `auth_user_groups`
    ADD CONSTRAINT `auth_user_groups_group_id_97559544_fk_auth_group_id` FOREIGN KEY (`group_id`) REFERENCES `auth_group` (`id`),
    ADD CONSTRAINT `auth_user_groups_user_id_6a12ed8b_fk_auth_user_id` FOREIGN KEY (`user_id`) REFERENCES `auth_user` (`id`);

--
-- Filtros para la tabla `auth_user_user_permissions`
--
ALTER TABLE `auth_user_user_permissions`
    ADD CONSTRAINT `auth_user_user_permi_permission_id_1fbb5f2c_fk_auth_perm` FOREIGN KEY (`permission_id`) REFERENCES `auth_permission` (`id`),
    ADD CONSTRAINT `auth_user_user_permissions_user_id_a95ead1b_fk_auth_user_id` FOREIGN KEY (`user_id`) REFERENCES `auth_user` (`id`);

--
-- Filtros para la tabla `django_admin_log`
--
ALTER TABLE `django_admin_log`
    ADD CONSTRAINT `django_admin_log_content_type_id_c4bce8eb_fk_django_co` FOREIGN KEY (`content_type_id`) REFERENCES `django_content_type` (`id`),
    ADD CONSTRAINT `django_admin_log_user_id_c564eba6_fk_auth_user_id` FOREIGN KEY (`user_id`) REFERENCES `auth_user` (`id`);
COMMIT;

/*!40101 SET CHARACTER_SET_CLIENT = @OLD_CHARACTER_SET_CLIENT */;
/*!40101 SET CHARACTER_SET_RESULTS = @OLD_CHARACTER_SET_RESULTS */;
/*!40101 SET COLLATION_CONNECTION = @OLD_COLLATION_CONNECTION */;
